id,choices,start_date,end_date,is_open,region,results,election_id
0,0;1,2020-02-23 00:00:00,2020-03-16 00:00:00,False,7,0:232;1:239,1
1,0;1,2017-03-12 00:00:00,2019-03-26 00:00:00,False,16,0:368;1:379,0
2,0;1,2017-07-11 00:00:00,2018-12-28 00:00:00,False,11,0:330;1:303,1
3,0;1,2018-03-10 00:00:00,2020-10-19 00:00:00,False,13,0:479;1:459,0
4,0;1,2017-12-26 00:00:00,2018-05-13 00:00:00,False,12,0:328;1:334,0
5,0;1,2020-06-07 00:00:00,2020-09-07 00:00:00,False,41,0:494;1:468,0
6,0;1,2019-10-31 00:00:00,2020-02-12 00:00:00,False,16,0:119;1:120,0
7,0;1,2019-03-20 00:00:00,2019-12-08 00:00:00,False,39,0:324;1:360,0
8,0;1,2018-09-14 00:00:00,2019-08-21 00:00:00,False,27,0:15;1:23,1
9,0;1,2019-03-15 00:00:00,2020-07-28 00:00:00,False,48,0:339;1:347,1
10,0;1,2017-10-28 00:00:00,2018-08-11 00:00:00,False,38,0:121;1:92,0
11,0;1,2018-03-10 00:00:00,2020-03-20 00:00:00,False,43,0:34;1:30,1
12,0;1,2019-10-06 00:00:00,2019-12-25 00:00:00,False,21,0:243;1:237,1
13,0;1,2019-08-25 00:00:00,2019-09-03 00:00:00,False,28,0:315;1:278,1
14,0;1,2018-05-16 00:00:00,2020-06-21 00:00:00,False,19,0:244;1:260,0
15,0;1,2020-09-19 00:00:00,2020-10-31 00:00:00,True,27,0:167;1:166,1
16,0;1,2019-02-10 00:00:00,2020-08-18 00:00:00,False,9,0:89;1:78,0
17,0;1,2017-02-13 00:00:00,2019-05-05 00:00:00,False,23,0:224;1:196,0
18,0;1,2018-08-03 00:00:00,2020-07-29 00:00:00,False,20,0:348;1:359,1
19,0;1,2017-10-12 00:00:00,2019-05-04 00:00:00,False,21,0:184;1:205,1
20,0;1,2018-07-08 00:00:00,2019-03-09 00:00:00,False,18,0:79;1:86,1
21,0;1,2018-03-14 00:00:00,2020-01-18 00:00:00,False,37,0:41;1:26,0
22,0;1,2020-08-08 00:00:00,2020-08-10 00:00:00,False,40,0:199;1:206,1
23,0;1,2019-09-22 00:00:00,2020-02-26 00:00:00,False,45,0:117;1:99,0
24,0;1,2017-11-25 00:00:00,2020-09-27 00:00:00,False,11,0:38;1:46,0
25,0;1,2017-02-23 00:00:00,2019-01-10 00:00:00,False,4,0:477;1:522,0
26,0;1,2017-07-16 00:00:00,2018-05-02 00:00:00,False,47,0:347;1:350,1
27,0;1,2016-03-07 00:00:00,2017-11-13 00:00:00,False,48,0:288;1:261,0
28,0;1,2016-07-11 00:00:00,2017-08-20 00:00:00,False,44,0:46;1:64,0
29,0;1,2016-08-25 00:00:00,2016-10-14 00:00:00,False,48,0:102;1:85,1
30,0;1,2018-08-03 00:00:00,2018-10-07 00:00:00,False,14,0:41;1:61,0
31,0;1,2019-02-02 00:00:00,2020-02-15 00:00:00,False,13,0:369;1:348,0
32,0;1,2016-05-05 00:00:00,2019-06-16 00:00:00,False,4,0:391;1:457,1
33,0;1,2018-03-26 00:00:00,2019-07-18 00:00:00,False,16,0:483;1:516,1
34,0;1,2016-08-10 00:00:00,2020-03-15 00:00:00,False,4,0:104;1:113,0
35,0;1,2017-05-05 00:00:00,2018-10-28 00:00:00,False,2,0:37;1:26,1
36,0;1,2019-01-13 00:00:00,2020-09-21 00:00:00,False,33,0:276;1:296,1
37,0;1,2020-09-29 00:00:00,2020-10-16 00:00:00,False,34,0:367;1:334,0
38,0;1,2018-10-06 00:00:00,2020-04-26 00:00:00,False,32,0:167;1:172,0
39,0;1,2016-02-17 00:00:00,2017-07-01 00:00:00,False,17,0:373;1:341,1
40,0;1,2020-05-28 00:00:00,2020-10-01 00:00:00,False,41,0:260;1:273,0
41,0;1,2019-04-02 00:00:00,2020-07-24 00:00:00,False,10,0:55;1:35,0
42,0;1,2018-05-06 00:00:00,2019-12-04 00:00:00,False,2,0:9;1:7,0
43,0;1,2019-05-11 00:00:00,2019-05-19 00:00:00,False,32,0:149;1:134,0
44,0;1,2017-01-10 00:00:00,2017-04-22 00:00:00,False,33,0:475;1:520,1
45,0;1,2019-03-13 00:00:00,2020-10-09 00:00:00,False,37,0:90;1:76,0
46,0;1,2018-05-29 00:00:00,2019-09-30 00:00:00,False,48,0:442;1:476,1
47,0;1,2019-05-11 00:00:00,2020-09-12 00:00:00,False,2,0:289;1:277,1
48,0;1,2018-12-07 00:00:00,2020-03-10 00:00:00,False,28,0:405;1:455,0
49,0;1,2017-01-14 00:00:00,2018-06-07 00:00:00,False,10,0:268;1:259,1
50,0;1,2020-07-06 00:00:00,2020-09-11 00:00:00,False,8,0:361;1:309,0
51,0;1,2019-04-27 00:00:00,2020-10-19 00:00:00,False,26,0:354;1:331,0
52,0;1,2017-10-11 00:00:00,2018-01-06 00:00:00,False,28,0:385;1:401,1
53,0;1,2018-07-10 00:00:00,2020-06-25 00:00:00,False,39,0:254;1:280,0
54,0;1,2017-07-04 00:00:00,2019-03-24 00:00:00,False,7,0:284;1:327,1
55,0;1,2019-06-20 00:00:00,2020-03-30 00:00:00,False,37,0:368;1:361,1
56,0;1,2018-03-03 00:00:00,2020-08-27 00:00:00,False,47,0:179;1:161,0
57,0;1,2020-10-29 00:00:00,2020-10-31 00:00:00,True,18,0:182;1:184,0
58,0;1,2018-12-26 00:00:00,2020-03-09 00:00:00,False,7,0:268;1:283,0
59,0;1,2016-04-09 00:00:00,2019-07-24 00:00:00,False,12,0:50;1:38,1
60,0;1,2017-12-10 00:00:00,2020-06-14 00:00:00,False,41,0:257;1:249,0
61,0;1,2017-10-16 00:00:00,2018-06-19 00:00:00,False,3,0:472;1:510,0
62,0;1,2020-06-17 00:00:00,2020-08-29 00:00:00,False,49,0:214;1:188,0
63,0;1,2018-06-14 00:00:00,2020-01-05 00:00:00,False,39,0:162;1:146,1
64,0;1,2019-04-11 00:00:00,2019-06-10 00:00:00,False,42,0:317;1:291,0
65,0;1,2018-05-20 00:00:00,2019-01-19 00:00:00,False,2,0:127;1:115,0
66,0;1,2018-11-27 00:00:00,2020-07-15 00:00:00,False,38,0:400;1:367,0
67,0;1,2020-07-12 00:00:00,2020-09-01 00:00:00,False,7,0:487;1:468,0
68,0;1,2019-01-25 00:00:00,2019-11-25 00:00:00,False,5,0:419;1:472,0
69,0;1,2020-08-15 00:00:00,2020-09-27 00:00:00,False,13,0:297;1:283,0
70,0;1,2020-04-03 00:00:00,2020-07-14 00:00:00,False,16,0:156;1:153,1
71,0;1,2017-10-16 00:00:00,2019-09-29 00:00:00,False,11,0:202;1:204,0
72,0;1,2019-04-15 00:00:00,2020-10-08 00:00:00,False,0,0:26;1:22,0
73,0;1,2019-08-09 00:00:00,2020-06-20 00:00:00,False,20,0:115;1:104,0
74,0;1,2017-01-02 00:00:00,2019-11-12 00:00:00,False,11,0:268;1:239,0
75,0;1,2019-06-05 00:00:00,2020-09-02 00:00:00,False,41,0:236;1:261,0
76,0;1,2018-10-21 00:00:00,2020-01-10 00:00:00,False,26,0:40;1:36,1
77,0;1,2016-08-17 00:00:00,2020-04-14 00:00:00,False,40,0:17;1:13,0
78,0;1,2017-11-13 00:00:00,2019-06-03 00:00:00,False,33,0:335;1:358,0
79,0;1,2016-11-07 00:00:00,2018-10-03 00:00:00,False,27,0:244;1:255,0
80,0;1,2017-10-31 00:00:00,2019-12-13 00:00:00,False,31,0:20;1:37,1
81,0;1,2019-07-02 00:00:00,2020-09-19 00:00:00,False,13,0:104;1:121,1
82,0;1,2020-07-13 00:00:00,2020-09-26 00:00:00,False,41,0:58;1:48,0
83,0;1,2017-09-26 00:00:00,2019-01-19 00:00:00,False,2,0:82;1:84,0
84,0;1,2020-06-20 00:00:00,2020-09-26 00:00:00,False,20,0:191;1:206,1
85,0;1,2019-06-04 00:00:00,2020-05-25 00:00:00,False,49,0:184;1:200,1
86,0;1,2019-04-03 00:00:00,2020-04-23 00:00:00,False,17,0:272;1:243,1
87,0;1,2016-01-12 00:00:00,2020-08-20 00:00:00,False,4,0:137;1:142,0
88,0;1,2018-07-19 00:00:00,2019-12-21 00:00:00,False,3,0:50;1:53,0
89,0;1,2016-07-06 00:00:00,2017-11-22 00:00:00,False,37,0:249;1:238,0
90,0;1,2019-11-24 00:00:00,2020-08-11 00:00:00,False,17,0:143;1:143,1
91,0;1,2020-08-21 00:00:00,2020-09-17 00:00:00,False,20,0:109;1:137,1
92,0;1,2019-11-04 00:00:00,2020-06-21 00:00:00,False,38,0:24;1:18,0
93,0;1,2019-02-01 00:00:00,2020-03-06 00:00:00,False,2,0:113;1:100,1
94,0;1,2018-09-13 00:00:00,2018-09-18 00:00:00,False,27,0:8;1:19,0
95,0;1,2017-12-07 00:00:00,2020-04-18 00:00:00,False,22,0:212;1:219,1
96,0;1,2018-06-10 00:00:00,2020-08-26 00:00:00,False,38,0:38;1:38,1
97,0;1,2017-10-14 00:00:00,2020-05-21 00:00:00,False,8,0:11;1:10,0
98,0;1,2016-01-11 00:00:00,2016-09-05 00:00:00,False,47,0:405;1:424,0
99,0;1,2019-05-03 00:00:00,2019-07-21 00:00:00,False,2,0:357;1:327,1
100,0;1,2017-06-07 00:00:00,2017-12-13 00:00:00,False,18,0:191;1:179,1
101,0;1,2017-06-14 00:00:00,2019-08-20 00:00:00,False,42,0:26;1:31,1
102,0;1,2019-06-26 00:00:00,2020-03-30 00:00:00,False,23,0:91;1:75,0
103,0;1,2019-08-09 00:00:00,2020-04-16 00:00:00,False,5,0:152;1:168,1
104,0;1,2019-04-27 00:00:00,2020-03-13 00:00:00,False,29,0:114;1:116,1
105,0;1,2016-10-12 00:00:00,2017-07-16 00:00:00,False,16,0:46;1:51,0
106,0;1,2020-06-26 00:00:00,2020-10-07 00:00:00,False,40,0:151;1:165,1
107,0;1,2019-04-08 00:00:00,2019-07-06 00:00:00,False,20,0:445;1:441,0
108,0;1,2020-09-29 00:00:00,2020-10-25 00:00:00,True,47,0:385;1:407,1
109,0;1,2016-01-15 00:00:00,2019-01-24 00:00:00,False,12,0:6;1:7,0
110,0;1,2016-03-09 00:00:00,2016-04-30 00:00:00,False,23,0:121;1:125,0
111,0;1,2020-03-04 00:00:00,2020-07-18 00:00:00,False,39,0:346;1:351,0
112,0;1,2019-07-11 00:00:00,2020-07-15 00:00:00,False,20,0:77;1:71,0
113,0;1,2016-06-20 00:00:00,2017-08-04 00:00:00,False,32,0:103;1:110,1
114,0;1,2019-01-16 00:00:00,2019-10-12 00:00:00,False,0,0:387;1:377,1
115,0;1,2019-04-15 00:00:00,2019-07-03 00:00:00,False,21,0:476;1:444,0
116,0;1,2019-09-29 00:00:00,2019-12-20 00:00:00,False,21,0:88;1:92,0
117,0;1,2017-10-26 00:00:00,2019-10-13 00:00:00,False,38,0:461;1:451,0
118,0;1,2020-03-24 00:00:00,2020-08-11 00:00:00,False,22,0:85;1:110,1
119,0;1,2020-09-19 00:00:00,2020-10-29 00:00:00,True,19,0:54;1:48,0
120,0;1,2016-04-10 00:00:00,2020-03-25 00:00:00,False,43,0:30;1:21,1
121,0;1,2017-10-17 00:00:00,2018-08-26 00:00:00,False,0,0:470;1:483,0
122,0;1,2020-02-29 00:00:00,2020-10-17 00:00:00,False,12,0:173;1:165,0
123,0;1,2019-01-30 00:00:00,2020-03-13 00:00:00,False,7,0:398;1:386,0
124,0;1,2017-05-22 00:00:00,2019-03-05 00:00:00,False,30,0:388;1:362,0
125,0;1,2020-03-12 00:00:00,2020-04-28 00:00:00,False,36,0:192;1:162,1
126,0;1,2019-05-19 00:00:00,2019-12-05 00:00:00,False,4,0:382;1:346,0
127,0;1,2017-05-27 00:00:00,2019-02-10 00:00:00,False,13,0:37;1:44,0
128,0;1,2019-01-27 00:00:00,2019-06-26 00:00:00,False,33,0:247;1:256,1
129,0;1,2019-10-18 00:00:00,2020-08-27 00:00:00,False,11,0:291;1:321,1
130,0;1,2020-05-27 00:00:00,2020-07-07 00:00:00,False,24,0:452;1:471,1
131,0;1,2017-04-24 00:00:00,2019-09-12 00:00:00,False,16,0:194;1:182,1
132,0;1,2019-01-20 00:00:00,2019-09-11 00:00:00,False,17,0:45;1:37,0
133,0;1,2016-12-18 00:00:00,2017-02-08 00:00:00,False,22,0:264;1:274,1
134,0;1,2018-10-29 00:00:00,2019-12-28 00:00:00,False,2,0:228;1:218,1
135,0;1,2017-10-02 00:00:00,2017-12-30 00:00:00,False,45,0:366;1:371,1
136,0;1,2018-03-07 00:00:00,2019-08-22 00:00:00,False,15,0:3;1:6,1
137,0;1,2016-01-07 00:00:00,2017-04-27 00:00:00,False,8,0:244;1:280,0
138,0;1,2016-10-25 00:00:00,2019-12-18 00:00:00,False,16,0:293;1:297,1
139,0;1,2018-07-04 00:00:00,2019-02-23 00:00:00,False,4,0:421;1:416,1
140,0;1,2016-11-29 00:00:00,2018-10-27 00:00:00,False,30,0:169;1:211,0
141,0;1,2020-04-26 00:00:00,2020-09-19 00:00:00,False,25,0:132;1:161,0
142,0;1,2020-04-20 00:00:00,2020-07-22 00:00:00,False,31,0:439;1:469,1
143,0;1,2017-03-13 00:00:00,2018-05-08 00:00:00,False,5,0:220;1:203,1
144,0;1,2020-09-28 00:00:00,2020-10-23 00:00:00,True,43,0:226;1:240,1
145,0;1,2020-09-22 00:00:00,2020-09-27 00:00:00,False,46,0:1;1:5,0
146,0;1,2016-03-31 00:00:00,2018-07-03 00:00:00,False,29,0:19;1:34,1
147,0;1,2017-07-01 00:00:00,2019-02-02 00:00:00,False,7,0:310;1:325,0
148,0;1,2019-04-05 00:00:00,2019-11-26 00:00:00,False,19,0:45;1:50,0
149,0;1,2018-03-16 00:00:00,2020-01-07 00:00:00,False,18,0:45;1:76,0
150,0;1,2017-10-23 00:00:00,2017-11-30 00:00:00,False,36,0:480;1:459,1
151,0;1,2018-11-21 00:00:00,2019-11-06 00:00:00,False,43,0:413;1:392,0
152,0;1,2018-01-30 00:00:00,2020-07-15 00:00:00,False,45,0:434;1:450,0
153,0;1,2020-04-19 00:00:00,2020-09-18 00:00:00,False,28,0:341;1:345,0
154,0;1,2016-08-28 00:00:00,2019-06-17 00:00:00,False,30,0:469;1:497,1
155,0;1,2016-01-22 00:00:00,2016-02-19 00:00:00,False,34,0:260;1:282,0
156,0;1,2017-09-26 00:00:00,2018-09-04 00:00:00,False,46,0:396;1:370,1
157,0;1,2019-10-21 00:00:00,2020-10-04 00:00:00,False,15,0:274;1:267,0
158,0;1,2017-04-25 00:00:00,2018-08-27 00:00:00,False,5,0:496;1:502,1
159,0;1,2019-08-27 00:00:00,2019-11-05 00:00:00,False,13,0:474;1:476,1
160,0;1,2020-08-29 00:00:00,2020-09-10 00:00:00,False,33,0:439;1:423,1
161,0;1,2018-09-13 00:00:00,2018-11-18 00:00:00,False,2,0:323;1:349,1
162,0;1,2016-12-05 00:00:00,2018-02-15 00:00:00,False,4,0:185;1:147,1
163,0;1,2020-10-29 00:00:00,2020-10-29 00:00:00,True,30,0:401;1:361,0
164,0;1,2020-07-29 00:00:00,2020-07-30 00:00:00,False,17,0:77;1:89,1
165,0;1,2018-03-31 00:00:00,2019-02-16 00:00:00,False,30,0:154;1:163,0
166,0;1,2017-11-24 00:00:00,2019-03-28 00:00:00,False,6,0:118;1:149,1
167,0;1,2020-08-17 00:00:00,2020-10-07 00:00:00,False,32,0:471;1:460,1
168,0;1,2020-10-05 00:00:00,2020-10-05 00:00:00,False,44,0:302;1:282,1
169,0;1,2019-01-16 00:00:00,2019-08-27 00:00:00,False,22,0:481;1:460,1
170,0;1,2018-10-25 00:00:00,2020-01-29 00:00:00,False,12,0:353;1:351,1
171,0;1,2016-07-20 00:00:00,2018-01-18 00:00:00,False,19,0:61;1:50,0
172,0;1,2018-09-01 00:00:00,2020-05-23 00:00:00,False,29,0:397;1:385,0
173,0;1,2018-07-10 00:00:00,2018-12-12 00:00:00,False,30,0:238;1:232,0
174,0;1,2020-06-03 00:00:00,2020-09-11 00:00:00,False,44,0:361;1:344,1
175,0;1,2020-10-13 00:00:00,2020-10-23 00:00:00,True,12,0:472;1:511,0
176,0;1,2020-06-11 00:00:00,2020-08-10 00:00:00,False,47,0:22;1:14,1
177,0;1,2019-08-01 00:00:00,2019-11-30 00:00:00,False,46,0:116;1:114,0
178,0;1,2020-09-22 00:00:00,2020-10-26 00:00:00,True,45,0:41;1:39,1
179,0;1,2019-03-16 00:00:00,2019-06-24 00:00:00,False,18,0:29;1:46,1
180,0;1,2018-02-01 00:00:00,2019-07-09 00:00:00,False,24,0:269;1:315,0
181,0;1,2017-03-11 00:00:00,2017-09-23 00:00:00,False,32,0:355;1:370,1
182,0;1,2019-11-01 00:00:00,2020-05-20 00:00:00,False,34,0:185;1:187,1
183,0;1,2020-06-12 00:00:00,2020-08-21 00:00:00,False,40,0:96;1:74,0
184,0;1,2019-02-12 00:00:00,2020-03-20 00:00:00,False,34,0:43;1:54,1
185,0;1,2020-03-18 00:00:00,2020-09-23 00:00:00,False,2,0:356;1:349,1
186,0;1,2016-09-04 00:00:00,2020-04-30 00:00:00,False,39,0:9;1:7,1
187,0;1,2018-04-18 00:00:00,2018-07-06 00:00:00,False,19,0:273;1:252,0
188,0;1,2017-07-21 00:00:00,2019-02-04 00:00:00,False,48,0:436;1:431,1
189,0;1,2017-07-04 00:00:00,2019-11-22 00:00:00,False,42,0:48;1:46,0
190,0;1,2020-10-20 00:00:00,2020-11-01 00:00:00,True,25,0:171;1:199,1
191,0;1,2017-01-11 00:00:00,2020-05-01 00:00:00,False,17,0:83;1:90,1
192,0;1,2019-10-06 00:00:00,2020-09-25 00:00:00,False,40,0:330;1:285,1
193,0;1,2018-05-20 00:00:00,2020-03-17 00:00:00,False,36,0:54;1:47,1
194,0;1,2017-08-06 00:00:00,2019-12-25 00:00:00,False,20,0:253;1:211,0
195,0;1,2016-09-14 00:00:00,2018-10-16 00:00:00,False,12,0:193;1:200,0
196,0;1,2016-01-17 00:00:00,2018-08-22 00:00:00,False,48,0:206;1:219,0
197,0;1,2016-11-07 00:00:00,2018-07-22 00:00:00,False,49,0:254;1:278,1
198,0;1,2020-05-10 00:00:00,2020-06-14 00:00:00,False,38,0:164;1:186,1
199,0;1,2019-06-19 00:00:00,2020-09-28 00:00:00,False,20,0:249;1:234,0
200,0;1,2017-12-13 00:00:00,2020-06-10 00:00:00,False,38,0:300;1:301,0
201,0;1,2020-10-05 00:00:00,2020-10-18 00:00:00,False,30,0:356;1:360,0
202,0;1,2016-07-01 00:00:00,2019-02-27 00:00:00,False,33,0:417;1:419,1
203,0;1,2017-11-09 00:00:00,2017-12-02 00:00:00,False,28,0:118;1:108,1
204,0;1,2018-01-03 00:00:00,2019-08-29 00:00:00,False,41,0:296;1:320,0
205,0;1,2018-06-06 00:00:00,2019-09-12 00:00:00,False,2,0:253;1:292,1
206,0;1,2019-12-15 00:00:00,2020-04-03 00:00:00,False,12,0:105;1:111,0
207,0;1,2019-11-22 00:00:00,2020-10-09 00:00:00,False,31,0:252;1:249,1
208,0;1,2017-01-07 00:00:00,2018-10-08 00:00:00,False,39,0:84;1:79,1
209,0;1,2018-07-26 00:00:00,2020-02-25 00:00:00,False,1,0:347;1:373,0
210,0;1,2019-07-04 00:00:00,2020-10-02 00:00:00,False,26,0:124;1:116,0
211,0;1,2020-04-08 00:00:00,2020-07-04 00:00:00,False,42,0:474;1:424,0
212,0;1,2016-11-23 00:00:00,2019-10-03 00:00:00,False,31,0:58;1:60,1
213,0;1,2018-04-13 00:00:00,2019-09-02 00:00:00,False,16,0:275;1:285,1
214,0;1,2017-09-07 00:00:00,2018-10-09 00:00:00,False,39,0:103;1:102,1
215,0;1,2017-05-16 00:00:00,2017-08-02 00:00:00,False,2,0:415;1:418,0
216,0;1,2016-07-15 00:00:00,2019-10-16 00:00:00,False,14,0:207;1:204,0
217,0;1,2017-11-23 00:00:00,2019-07-17 00:00:00,False,21,0:474;1:497,1
218,0;1,2016-01-12 00:00:00,2018-06-05 00:00:00,False,17,0:142;1:159,1
219,0;1,2016-07-08 00:00:00,2017-10-17 00:00:00,False,47,0:187;1:162,1
220,0;1,2016-12-24 00:00:00,2017-03-10 00:00:00,False,37,0:444;1:423,1
221,0;1,2020-09-02 00:00:00,2020-10-30 00:00:00,True,18,0:224;1:197,0
222,0;1,2017-10-02 00:00:00,2019-09-27 00:00:00,False,28,0:21;1:50,1
223,0;1,2017-09-19 00:00:00,2020-10-02 00:00:00,False,37,0:124;1:109,1
224,0;1,2017-01-30 00:00:00,2018-05-02 00:00:00,False,43,0:283;1:305,1
225,0;1,2017-02-01 00:00:00,2019-06-21 00:00:00,False,17,0:330;1:293,0
226,0;1,2019-03-09 00:00:00,2020-10-18 00:00:00,False,34,0:399;1:376,0
227,0;1,2018-05-06 00:00:00,2020-10-07 00:00:00,False,8,0:77;1:106,1
228,0;1,2018-04-06 00:00:00,2019-10-03 00:00:00,False,31,0:495;1:457,0
229,0;1,2019-01-22 00:00:00,2019-03-19 00:00:00,False,49,0:310;1:296,1
230,0;1,2018-06-20 00:00:00,2019-10-28 00:00:00,False,37,0:308;1:304,0
231,0;1,2019-09-03 00:00:00,2019-12-06 00:00:00,False,5,0:200;1:184,0
232,0;1,2018-05-24 00:00:00,2019-05-12 00:00:00,False,25,0:353;1:308,0
233,0;1,2019-07-14 00:00:00,2019-12-26 00:00:00,False,31,0:166;1:180,0
234,0;1,2017-04-10 00:00:00,2018-05-23 00:00:00,False,37,0:156;1:180,1
235,0;1,2018-05-04 00:00:00,2018-10-25 00:00:00,False,36,0:45;1:42,0
236,0;1,2018-01-07 00:00:00,2019-05-18 00:00:00,False,21,0:217;1:215,0
237,0;1,2020-09-19 00:00:00,2020-09-22 00:00:00,False,9,0:110;1:110,1
238,0;1,2019-04-12 00:00:00,2020-07-15 00:00:00,False,1,0:269;1:299,1
239,0;1,2019-01-02 00:00:00,2019-06-14 00:00:00,False,12,0:293;1:261,0
240,0;1,2016-08-19 00:00:00,2019-07-05 00:00:00,False,13,0:249;1:259,0
241,0;1,2018-04-01 00:00:00,2018-10-31 00:00:00,False,24,0:437;1:457,0
242,0;1,2019-10-19 00:00:00,2020-07-07 00:00:00,False,19,0:128;1:140,0
243,0;1,2017-08-22 00:00:00,2018-10-10 00:00:00,False,0,0:184;1:189,0
244,0;1,2018-11-21 00:00:00,2019-07-28 00:00:00,False,34,0:11;1:12,0
245,0;1,2017-01-18 00:00:00,2018-11-01 00:00:00,False,32,0:412;1:346,1
246,0;1,2020-04-04 00:00:00,2020-07-07 00:00:00,False,21,0:283;1:292,1
247,0;1,2019-03-07 00:00:00,2019-03-14 00:00:00,False,5,0:176;1:140,1
248,0;1,2018-08-13 00:00:00,2020-07-19 00:00:00,False,23,0:484;1:493,1
249,0;1,2016-09-29 00:00:00,2017-12-04 00:00:00,False,14,0:470;1:466,1
250,0;1,2019-03-14 00:00:00,2019-08-25 00:00:00,False,4,0:310;1:241,1
251,0;1,2017-10-27 00:00:00,2017-12-10 00:00:00,False,39,0:358;1:349,0
252,0;1,2018-01-26 00:00:00,2020-04-03 00:00:00,False,38,0:290;1:289,0
253,0;1,2020-07-05 00:00:00,2020-09-16 00:00:00,False,31,0:217;1:259,1
254,0;1,2018-05-02 00:00:00,2018-05-27 00:00:00,False,1,0:334;1:365,0
255,0;1,2019-04-23 00:00:00,2020-01-28 00:00:00,False,33,0:98;1:101,0
256,0;1,2020-06-14 00:00:00,2020-07-30 00:00:00,False,8,0:409;1:463,1
257,0;1,2017-10-07 00:00:00,2020-06-19 00:00:00,False,34,0:326;1:344,0
258,0;1,2016-02-20 00:00:00,2020-09-02 00:00:00,False,3,0:473;1:480,0
259,0;1,2016-03-10 00:00:00,2016-05-11 00:00:00,False,27,0:366;1:377,0
260,0;1,2019-08-14 00:00:00,2020-03-05 00:00:00,False,24,0:115;1:94,0
261,0;1,2017-08-19 00:00:00,2020-09-29 00:00:00,False,9,0:508;1:490,1
262,0;1,2020-06-01 00:00:00,2020-07-29 00:00:00,False,17,0:233;1:232,1
263,0;1,2019-05-29 00:00:00,2020-04-03 00:00:00,False,29,0:97;1:103,1
264,0;1,2020-04-03 00:00:00,2020-09-06 00:00:00,False,32,0:390;1:416,1
265,0;1,2017-09-15 00:00:00,2018-06-08 00:00:00,False,16,0:14;1:10,1
266,0;1,2020-06-02 00:00:00,2020-10-18 00:00:00,False,39,0:361;1:429,0
267,0;1,2020-07-11 00:00:00,2020-09-11 00:00:00,False,41,0:159;1:176,0
268,0;1,2018-12-01 00:00:00,2018-12-22 00:00:00,False,29,0:93;1:112,0
269,0;1,2016-02-22 00:00:00,2020-09-02 00:00:00,False,6,0:407;1:368,0
270,0;1,2016-09-24 00:00:00,2020-10-02 00:00:00,False,36,0:40;1:56,1
271,0;1,2019-05-22 00:00:00,2019-09-21 00:00:00,False,11,0:210;1:211,1
272,0;1,2016-03-15 00:00:00,2020-05-08 00:00:00,False,28,0:457;1:465,1
273,0;1,2016-07-07 00:00:00,2019-01-03 00:00:00,False,22,0:417;1:401,0
274,0;1,2018-01-29 00:00:00,2019-09-01 00:00:00,False,10,0:449;1:417,1
275,0;1,2020-09-29 00:00:00,2020-10-09 00:00:00,False,44,0:446;1:430,0
276,0;1,2020-10-24 00:00:00,2020-11-02 00:00:00,True,5,0:95;1:107,1
277,0;1,2017-11-16 00:00:00,2019-03-28 00:00:00,False,6,0:164;1:207,1
278,0;1,2019-04-14 00:00:00,2020-02-15 00:00:00,False,38,0:244;1:274,0
279,0;1,2019-05-02 00:00:00,2020-09-17 00:00:00,False,27,0:80;1:85,0
280,0;1,2016-05-10 00:00:00,2017-06-08 00:00:00,False,25,0:233;1:252,1
281,0;1,2019-03-25 00:00:00,2019-11-06 00:00:00,False,2,0:173;1:175,0
282,0;1,2016-09-26 00:00:00,2016-11-05 00:00:00,False,18,0:340;1:275,0
283,0;1,2018-02-26 00:00:00,2019-01-21 00:00:00,False,24,0:90;1:86,1
284,0;1,2016-06-12 00:00:00,2017-08-02 00:00:00,False,3,0:83;1:68,1
285,0;1,2019-03-30 00:00:00,2019-12-04 00:00:00,False,7,0:474;1:448,0
286,0;1,2016-12-20 00:00:00,2020-03-31 00:00:00,False,46,0:145;1:155,0
287,0;1,2016-02-15 00:00:00,2016-03-06 00:00:00,False,36,0:437;1:446,0
288,0;1,2020-02-12 00:00:00,2020-04-01 00:00:00,False,6,0:267;1:250,1
289,0;1,2020-04-03 00:00:00,2020-07-05 00:00:00,False,13,0:275;1:286,0
290,0;1,2018-05-21 00:00:00,2019-02-02 00:00:00,False,48,0:310;1:313,0
291,0;1,2018-09-25 00:00:00,2019-11-15 00:00:00,False,49,0:299;1:304,1
292,0;1,2019-03-13 00:00:00,2019-09-30 00:00:00,False,43,0:406;1:480,1
293,0;1,2020-06-14 00:00:00,2020-10-04 00:00:00,False,38,0:143;1:143,0
294,0;1,2019-01-12 00:00:00,2020-03-22 00:00:00,False,26,0:364;1:412,0
295,0;1,2017-12-04 00:00:00,2020-02-14 00:00:00,False,0,0:288;1:260,0
296,0;1,2016-12-03 00:00:00,2019-10-24 00:00:00,False,7,0:65;1:60,0
297,0;1,2019-11-17 00:00:00,2020-06-20 00:00:00,False,25,0:144;1:131,0
298,0;1,2018-10-14 00:00:00,2019-05-01 00:00:00,False,20,0:364;1:370,0
299,0;1,2017-01-02 00:00:00,2019-12-05 00:00:00,False,39,0:133;1:127,0
300,0;1,2017-09-28 00:00:00,2018-04-08 00:00:00,False,26,0:172;1:170,1
301,0;1,2017-07-23 00:00:00,2018-12-07 00:00:00,False,0,0:269;1:287,1
302,0;1,2018-03-02 00:00:00,2019-06-07 00:00:00,False,32,0:144;1:146,0
303,0;1,2019-01-27 00:00:00,2019-04-11 00:00:00,False,12,0:292;1:279,1
304,0;1,2020-01-22 00:00:00,2020-05-08 00:00:00,False,4,0:266;1:227,0
305,0;1,2018-11-14 00:00:00,2020-05-24 00:00:00,False,37,0:390;1:424,1
306,0;1,2020-06-24 00:00:00,2020-07-14 00:00:00,False,13,0:318;1:267,1
307,0;1,2018-06-24 00:00:00,2019-11-19 00:00:00,False,47,0:332;1:313,1
308,0;1,2019-10-09 00:00:00,2020-04-10 00:00:00,False,1,0:427;1:476,1
309,0;1,2018-10-06 00:00:00,2019-09-13 00:00:00,False,42,0:346;1:367,0
310,0;1,2016-12-21 00:00:00,2018-08-22 00:00:00,False,0,0:139;1:131,1
311,0;1,2019-06-15 00:00:00,2019-12-30 00:00:00,False,24,0:263;1:284,1
312,0;1,2017-06-27 00:00:00,2019-12-14 00:00:00,False,35,0:241;1:182,1
313,0;1,2019-09-24 00:00:00,2020-06-13 00:00:00,False,46,0:476;1:463,0
314,0;1,2020-01-20 00:00:00,2020-09-17 00:00:00,False,10,0:37;1:34,0
315,0;1,2016-04-10 00:00:00,2017-12-13 00:00:00,False,24,0:374;1:378,1
316,0;1,2019-07-07 00:00:00,2020-05-08 00:00:00,False,47,0:338;1:344,1
317,0;1,2020-07-11 00:00:00,2020-09-28 00:00:00,False,5,0:70;1:76,1
318,0;1,2019-11-29 00:00:00,2019-12-19 00:00:00,False,42,0:481;1:473,0
319,0;1,2018-07-02 00:00:00,2020-08-19 00:00:00,False,16,0:113;1:126,0
320,0;1,2019-11-30 00:00:00,2020-04-01 00:00:00,False,43,0:54;1:40,1
321,0;1,2019-01-05 00:00:00,2020-07-18 00:00:00,False,19,0:159;1:128,0
322,0;1,2017-02-24 00:00:00,2017-09-23 00:00:00,False,25,0:370;1:315,0
323,0;1,2019-11-11 00:00:00,2020-03-25 00:00:00,False,48,0:335;1:332,1
324,0;1,2018-04-09 00:00:00,2019-01-10 00:00:00,False,22,0:273;1:282,0
325,0;1,2017-10-28 00:00:00,2019-01-10 00:00:00,False,41,0:340;1:329,0
326,0;1,2018-03-28 00:00:00,2018-08-27 00:00:00,False,47,0:369;1:342,0
327,0;1,2020-08-05 00:00:00,2020-10-09 00:00:00,False,48,0:330;1:329,0
328,0;1,2020-04-04 00:00:00,2020-07-09 00:00:00,False,31,0:297;1:316,0
329,0;1,2016-12-19 00:00:00,2017-01-17 00:00:00,False,12,0:327;1:346,1
330,0;1,2019-06-12 00:00:00,2019-08-18 00:00:00,False,36,0:236;1:242,0
331,0;1,2018-09-08 00:00:00,2020-03-14 00:00:00,False,5,0:363;1:337,0
332,0;1,2020-02-15 00:00:00,2020-10-19 00:00:00,False,4,0:113;1:86,0
333,0;1,2017-08-11 00:00:00,2019-08-25 00:00:00,False,2,0:238;1:241,1
334,0;1,2019-02-15 00:00:00,2020-07-21 00:00:00,False,21,0:122;1:161,0
335,0;1,2017-05-12 00:00:00,2017-07-19 00:00:00,False,38,0:328;1:345,1
336,0;1,2016-11-19 00:00:00,2019-08-29 00:00:00,False,14,0:405;1:441,0
337,0;1,2016-08-03 00:00:00,2019-01-18 00:00:00,False,37,0:106;1:121,0
338,0;1,2019-06-04 00:00:00,2019-10-02 00:00:00,False,40,0:286;1:275,1
339,0;1,2019-10-18 00:00:00,2020-10-09 00:00:00,False,7,0:303;1:289,0
340,0;1,2017-05-26 00:00:00,2019-12-05 00:00:00,False,48,0:214;1:204,1
341,0;1,2020-02-12 00:00:00,2020-08-05 00:00:00,False,18,0:51;1:64,1
342,0;1,2018-02-03 00:00:00,2018-09-04 00:00:00,False,45,0:438;1:424,1
343,0;1,2019-02-13 00:00:00,2020-06-03 00:00:00,False,28,0:401;1:417,1
344,0;1,2018-11-02 00:00:00,2020-04-16 00:00:00,False,49,0:481;1:437,0
345,0;1,2016-06-10 00:00:00,2017-05-01 00:00:00,False,12,0:381;1:354,0
346,0;1,2020-04-12 00:00:00,2020-08-07 00:00:00,False,30,0:312;1:329,1
347,0;1,2018-06-11 00:00:00,2018-10-16 00:00:00,False,14,0:214;1:215,1
348,0;1,2020-05-08 00:00:00,2020-09-30 00:00:00,False,5,0:60;1:55,1
349,0;1,2017-11-16 00:00:00,2019-10-14 00:00:00,False,30,0:64;1:91,1
350,0;1,2016-02-18 00:00:00,2016-06-11 00:00:00,False,40,0:16;1:15,1
351,0;1,2016-04-24 00:00:00,2018-03-27 00:00:00,False,38,0:138;1:161,0
352,0;1,2019-10-14 00:00:00,2020-03-30 00:00:00,False,15,0:386;1:425,0
353,0;1,2016-06-03 00:00:00,2019-11-19 00:00:00,False,12,0:419;1:411,0
354,0;1,2017-03-19 00:00:00,2020-01-28 00:00:00,False,13,0:121;1:131,1
355,0;1,2016-11-18 00:00:00,2020-01-07 00:00:00,False,41,0:166;1:180,1
356,0;1,2018-02-13 00:00:00,2019-11-19 00:00:00,False,18,0:339;1:402,0
357,0;1,2020-02-02 00:00:00,2020-03-09 00:00:00,False,19,0:304;1:273,1
358,0;1,2019-01-11 00:00:00,2019-11-16 00:00:00,False,6,0:475;1:471,0
359,0;1,2016-12-14 00:00:00,2018-06-14 00:00:00,False,45,0:178;1:184,1
360,0;1,2018-03-27 00:00:00,2020-07-11 00:00:00,False,3,0:420;1:388,0
361,0;1,2017-10-14 00:00:00,2019-01-05 00:00:00,False,7,0:162;1:172,1
362,0;1,2018-06-01 00:00:00,2019-11-20 00:00:00,False,9,0:429;1:448,1
363,0;1,2019-08-21 00:00:00,2020-03-29 00:00:00,False,11,0:428;1:446,1
364,0;1,2017-04-28 00:00:00,2017-07-09 00:00:00,False,47,0:277;1:334,1
365,0;1,2016-10-08 00:00:00,2020-08-06 00:00:00,False,16,0:216;1:205,0
366,0;1,2016-08-23 00:00:00,2017-12-15 00:00:00,False,12,0:446;1:441,1
367,0;1,2019-05-18 00:00:00,2020-03-09 00:00:00,False,19,0:260;1:225,0
368,0;1,2018-02-26 00:00:00,2019-12-20 00:00:00,False,44,0:473;1:437,1
369,0;1,2020-06-17 00:00:00,2020-07-26 00:00:00,False,8,0:477;1:467,1
370,0;1,2019-08-18 00:00:00,2020-05-18 00:00:00,False,45,0:472;1:447,1
371,0;1,2016-03-26 00:00:00,2016-05-23 00:00:00,False,5,0:322;1:339,1
372,0;1,2020-02-08 00:00:00,2020-07-18 00:00:00,False,37,0:19;1:17,1
373,0;1,2019-11-11 00:00:00,2019-11-24 00:00:00,False,39,0:304;1:309,1
374,0;1,2017-06-14 00:00:00,2020-10-18 00:00:00,False,29,0:1;1:1,1
375,0;1,2019-04-15 00:00:00,2020-06-29 00:00:00,False,35,0:398;1:397,0
376,0;1,2020-05-04 00:00:00,2020-05-15 00:00:00,False,0,0:363;1:394,1
377,0;1,2019-12-19 00:00:00,2019-12-24 00:00:00,False,36,0:297;1:284,1
378,0;1,2017-06-14 00:00:00,2018-11-13 00:00:00,False,34,0:44;1:45,1
379,0;1,2016-05-10 00:00:00,2016-08-26 00:00:00,False,2,0:46;1:40,0
380,0;1,2018-08-13 00:00:00,2020-02-03 00:00:00,False,33,0:396;1:380,0
381,0;1,2018-08-03 00:00:00,2018-09-15 00:00:00,False,7,0:61;1:58,1
382,0;1,2018-05-15 00:00:00,2020-06-05 00:00:00,False,10,0:369;1:370,1
383,0;1,2017-09-30 00:00:00,2018-10-21 00:00:00,False,17,0:188;1:178,0
384,0;1,2018-06-26 00:00:00,2019-04-11 00:00:00,False,36,0:240;1:238,0
385,0;1,2017-07-01 00:00:00,2020-08-30 00:00:00,False,17,0:326;1:313,0
386,0;1,2020-02-26 00:00:00,2020-04-09 00:00:00,False,25,0:235;1:280,0
387,0;1,2017-02-03 00:00:00,2020-03-12 00:00:00,False,46,0:237;1:258,1
388,0;1,2020-01-17 00:00:00,2020-08-14 00:00:00,False,25,0:3;1:6,1
389,0;1,2018-12-19 00:00:00,2019-12-21 00:00:00,False,30,0:335;1:331,0
390,0;1,2019-10-20 00:00:00,2019-11-21 00:00:00,False,32,0:179;1:183,1
391,0;1,2017-06-23 00:00:00,2018-01-25 00:00:00,False,28,0:36;1:30,0
392,0;1,2020-04-28 00:00:00,2020-10-11 00:00:00,False,9,0:95;1:116,0
393,0;1,2017-04-03 00:00:00,2020-01-12 00:00:00,False,15,0:46;1:61,1
394,0;1,2019-03-09 00:00:00,2019-12-06 00:00:00,False,10,0:122;1:128,1
395,0;1,2017-12-19 00:00:00,2019-02-21 00:00:00,False,24,0:129;1:132,1
396,0;1,2016-02-27 00:00:00,2018-03-23 00:00:00,False,48,0:101;1:111,1
397,0;1,2016-08-19 00:00:00,2018-11-08 00:00:00,False,30,0:403;1:449,1
398,0;1,2020-02-09 00:00:00,2020-10-04 00:00:00,False,25,0:367;1:390,0
399,0;1,2020-05-14 00:00:00,2020-08-01 00:00:00,False,48,0:148;1:130,1
400,0;1,2019-09-30 00:00:00,2020-10-18 00:00:00,False,47,0:235;1:244,0
401,0;1,2020-07-12 00:00:00,2020-10-28 00:00:00,True,48,0:400;1:373,1
402,0;1,2019-12-21 00:00:00,2020-10-28 00:00:00,True,33,0:239;1:260,0
403,0;1,2018-12-07 00:00:00,2020-07-27 00:00:00,False,23,0:346;1:304,0
404,0;1,2017-06-06 00:00:00,2019-01-14 00:00:00,False,28,0:259;1:244,1
405,0;1,2017-07-11 00:00:00,2017-07-27 00:00:00,False,31,0:454;1:463,0
406,0;1,2019-10-17 00:00:00,2020-10-23 00:00:00,True,6,0:120;1:110,1
407,0;1,2016-10-16 00:00:00,2018-08-09 00:00:00,False,4,0:12;1:10,0
408,0;1,2020-08-05 00:00:00,2020-08-29 00:00:00,False,48,0:9;1:17,1
409,0;1,2018-09-02 00:00:00,2020-05-27 00:00:00,False,26,0:307;1:279,1
410,0;1,2018-08-07 00:00:00,2020-09-30 00:00:00,False,31,0:460;1:452,1
411,0;1,2018-11-02 00:00:00,2020-04-29 00:00:00,False,26,0:26;1:29,1
412,0;1,2019-06-01 00:00:00,2019-06-19 00:00:00,False,42,0:160;1:148,0
413,0;1,2019-09-17 00:00:00,2020-02-16 00:00:00,False,12,0:309;1:288,1
414,0;1,2016-09-12 00:00:00,2017-08-14 00:00:00,False,17,0:271;1:289,0
415,0;1,2020-01-02 00:00:00,2020-08-22 00:00:00,False,19,0:115;1:103,0
416,0;1,2020-05-13 00:00:00,2020-08-11 00:00:00,False,12,0:289;1:265,1
417,0;1,2018-12-23 00:00:00,2019-10-28 00:00:00,False,46,0:148;1:165,0
418,0;1,2019-11-26 00:00:00,2020-07-15 00:00:00,False,11,0:266;1:271,1
419,0;1,2018-06-21 00:00:00,2018-09-26 00:00:00,False,24,0:60;1:45,0
420,0;1,2018-08-01 00:00:00,2018-10-04 00:00:00,False,3,0:345;1:371,1
421,0;1,2018-10-03 00:00:00,2020-07-07 00:00:00,False,4,0:369;1:462,1
422,0;1,2017-02-23 00:00:00,2017-02-26 00:00:00,False,43,0:43;1:35,0
423,0;1,2018-01-29 00:00:00,2018-05-12 00:00:00,False,43,0:337;1:346,0
424,0;1,2016-01-04 00:00:00,2016-08-26 00:00:00,False,35,0:88;1:96,1
425,0;1,2020-03-23 00:00:00,2020-09-18 00:00:00,False,22,0:168;1:132,1
426,0;1,2020-05-14 00:00:00,2020-10-29 00:00:00,True,2,0:472;1:516,0
427,0;1,2018-02-02 00:00:00,2019-01-16 00:00:00,False,42,0:1;1:5,0
428,0;1,2019-06-13 00:00:00,2020-06-11 00:00:00,False,39,0:417;1:396,1
429,0;1,2020-05-01 00:00:00,2020-08-24 00:00:00,False,39,0:325;1:317,1
430,0;1,2019-03-22 00:00:00,2019-07-27 00:00:00,False,39,0:286;1:268,1
431,0;1,2018-01-30 00:00:00,2018-05-21 00:00:00,False,6,0:473;1:469,0
432,0;1,2018-08-09 00:00:00,2019-02-22 00:00:00,False,35,0:118;1:138,1
433,0;1,2019-05-30 00:00:00,2019-12-30 00:00:00,False,9,0:402;1:366,0
434,0;1,2020-08-16 00:00:00,2020-08-26 00:00:00,False,40,0:295;1:295,1
435,0;1,2016-01-04 00:00:00,2016-04-14 00:00:00,False,20,0:166;1:167,0
436,0;1,2018-01-20 00:00:00,2018-12-12 00:00:00,False,20,0:157;1:170,0
437,0;1,2018-06-25 00:00:00,2020-08-06 00:00:00,False,6,0:225;1:247,1
438,0;1,2017-04-29 00:00:00,2019-10-13 00:00:00,False,16,0:282;1:279,0
439,0;1,2017-11-05 00:00:00,2020-08-17 00:00:00,False,37,0:435;1:465,1
440,0;1,2017-03-24 00:00:00,2019-07-07 00:00:00,False,19,0:474;1:475,0
441,0;1,2018-10-29 00:00:00,2019-01-31 00:00:00,False,7,0:522;1:429,0
442,0;1,2018-04-05 00:00:00,2020-03-16 00:00:00,False,12,0:489;1:452,1
443,0;1,2019-07-16 00:00:00,2020-10-13 00:00:00,False,39,0:286;1:291,1
444,0;1,2017-02-23 00:00:00,2018-10-17 00:00:00,False,38,0:161;1:158,1
445,0;1,2018-08-31 00:00:00,2020-03-21 00:00:00,False,10,0:273;1:218,0
446,0;1,2018-07-14 00:00:00,2019-02-26 00:00:00,False,9,0:142;1:142,1
447,0;1,2020-11-01 00:00:00,2020-11-01 00:00:00,True,6,0:102;1:101,0
448,0;1,2017-06-04 00:00:00,2019-01-22 00:00:00,False,0,0:401;1:428,1
449,0;1,2016-05-23 00:00:00,2017-01-16 00:00:00,False,34,0:118;1:119,1
450,0;1,2017-12-13 00:00:00,2020-11-02 00:00:00,True,21,0:399;1:412,1
451,0;1,2016-10-03 00:00:00,2017-12-28 00:00:00,False,0,0:255;1:257,1
452,0;1,2017-05-15 00:00:00,2018-08-22 00:00:00,False,37,0:295;1:301,0
453,0;1,2018-11-20 00:00:00,2019-04-22 00:00:00,False,30,0:88;1:81,0
454,0;1,2018-03-09 00:00:00,2019-11-24 00:00:00,False,31,0:3;1:2,1
455,0;1,2020-02-24 00:00:00,2020-10-20 00:00:00,True,33,0:71;1:70,1
456,0;1,2016-04-05 00:00:00,2017-11-21 00:00:00,False,37,0:264;1:241,0
457,0;1,2019-05-26 00:00:00,2019-11-25 00:00:00,False,47,0:129;1:146,0
458,0;1,2019-07-05 00:00:00,2020-01-21 00:00:00,False,18,0:160;1:139,1
459,0;1,2016-08-17 00:00:00,2018-01-21 00:00:00,False,30,0:427;1:390,1
460,0;1,2017-05-02 00:00:00,2020-02-23 00:00:00,False,23,0:226;1:183,0
461,0;1,2018-03-10 00:00:00,2019-11-27 00:00:00,False,30,0:226;1:227,1
462,0;1,2019-05-25 00:00:00,2019-07-19 00:00:00,False,7,0:449;1:511,1
463,0;1,2018-08-11 00:00:00,2020-01-24 00:00:00,False,2,0:133;1:132,1
464,0;1,2017-10-22 00:00:00,2018-03-31 00:00:00,False,31,0:442;1:438,0
465,0;1,2017-11-11 00:00:00,2019-04-26 00:00:00,False,34,0:193;1:172,0
466,0;1,2016-04-25 00:00:00,2019-01-02 00:00:00,False,2,0:31;1:32,1
467,0;1,2018-06-04 00:00:00,2019-08-24 00:00:00,False,32,0:410;1:382,1
468,0;1,2017-07-07 00:00:00,2020-07-20 00:00:00,False,7,0:94;1:104,1
469,0;1,2016-09-29 00:00:00,2019-12-23 00:00:00,False,48,0:424;1:426,0
470,0;1,2016-09-03 00:00:00,2017-07-23 00:00:00,False,2,0:4;1:7,1
471,0;1,2018-02-04 00:00:00,2018-08-12 00:00:00,False,29,0:160;1:160,0
472,0;1,2018-01-15 00:00:00,2019-04-24 00:00:00,False,21,0:300;1:319,1
473,0;1,2018-09-14 00:00:00,2019-01-25 00:00:00,False,20,0:462;1:440,0
474,0;1,2019-02-27 00:00:00,2019-10-08 00:00:00,False,38,0:1;1:5,0
475,0;1,2017-11-24 00:00:00,2019-12-21 00:00:00,False,10,0:95;1:105,1
476,0;1,2018-12-16 00:00:00,2019-07-17 00:00:00,False,11,0:335;1:385,0
477,0;1,2019-03-14 00:00:00,2019-12-07 00:00:00,False,36,0:67;1:42,0
478,0;1,2017-05-14 00:00:00,2017-10-30 00:00:00,False,9,0:409;1:415,0
479,0;1,2018-12-09 00:00:00,2019-06-08 00:00:00,False,45,0:71;1:82,0
480,0;1,2019-06-09 00:00:00,2020-07-26 00:00:00,False,6,0:367;1:385,0
481,0;1,2019-08-27 00:00:00,2019-08-30 00:00:00,False,44,0:6;1:7,0
482,0;1,2019-05-30 00:00:00,2020-05-23 00:00:00,False,39,0:394;1:377,1
483,0;1,2020-04-27 00:00:00,2020-07-01 00:00:00,False,35,0:48;1:59,0
484,0;1,2019-08-02 00:00:00,2019-10-04 00:00:00,False,13,0:276;1:248,1
485,0;1,2020-06-22 00:00:00,2020-07-15 00:00:00,False,48,0:466;1:423,0
486,0;1,2016-08-18 00:00:00,2019-05-08 00:00:00,False,24,0:37;1:49,1
487,0;1,2020-01-20 00:00:00,2020-03-19 00:00:00,False,6,0:223;1:241,1
488,0;1,2017-08-07 00:00:00,2018-01-05 00:00:00,False,45,0:427;1:459,0
489,0;1,2020-02-28 00:00:00,2020-08-24 00:00:00,False,48,0:184;1:166,0
490,0;1,2017-09-10 00:00:00,2018-07-12 00:00:00,False,2,0:240;1:194,1
491,0;1,2018-08-16 00:00:00,2020-03-13 00:00:00,False,19,0:40;1:43,0
492,0;1,2016-11-12 00:00:00,2018-11-14 00:00:00,False,46,0:181;1:222,1
493,0;1,2019-03-06 00:00:00,2019-04-12 00:00:00,False,32,0:30;1:31,0
494,0;1,2016-05-17 00:00:00,2018-12-21 00:00:00,False,45,0:58;1:64,1
495,0;1,2019-07-07 00:00:00,2020-05-04 00:00:00,False,23,0:300;1:304,1
496,0;1,2020-07-19 00:00:00,2020-08-01 00:00:00,False,19,0:320;1:306,0
497,0;1,2019-11-23 00:00:00,2020-04-14 00:00:00,False,44,0:83;1:112,0
498,0;1,2017-05-25 00:00:00,2018-10-24 00:00:00,False,9,0:187;1:203,1
499,0;1,2018-07-14 00:00:00,2020-04-10 00:00:00,False,35,0:70;1:77,1
500,0;1,2018-10-20 00:00:00,2019-10-06 00:00:00,False,4,0:41;1:43,0
501,0;1,2018-10-20 00:00:00,2019-10-06 00:00:00,False,18,0:498;1:453,0
502,0;1,2018-10-20 00:00:00,2019-10-06 00:00:00,False,33,0:101;1:101,0
503,0;1,2018-10-20 00:00:00,2019-10-06 00:00:00,False,15,0:8;1:11,0
504,0;1,2018-10-20 00:00:00,2019-10-06 00:00:00,False,0,0:49;1:41,0
505,0;1,2018-10-20 00:00:00,2019-10-06 00:00:00,False,45,0:153;1:140,0
506,0;1,2018-10-20 00:00:00,2019-10-06 00:00:00,False,48,0:342;1:336,0
507,0;1,2018-10-20 00:00:00,2019-10-06 00:00:00,False,29,0:257;1:254,0
508,0;1,2018-10-20 00:00:00,2019-10-06 00:00:00,False,44,0:351;1:363,0
509,0;1,2018-10-20 00:00:00,2019-10-06 00:00:00,False,12,0:299;1:287,0
510,0;1,2018-10-20 00:00:00,2019-10-06 00:00:00,False,23,0:493;1:496,0
511,0;1,2018-10-20 00:00:00,2019-10-06 00:00:00,False,6,0:476;1:465,0
512,0;1,2018-10-20 00:00:00,2019-10-06 00:00:00,False,31,0:263;1:250,0
513,0;1,2018-10-20 00:00:00,2019-10-06 00:00:00,False,17,0:36;1:56,0
514,0;1,2018-10-20 00:00:00,2019-10-06 00:00:00,False,1,0:104;1:104,0
515,0;1,2018-10-20 00:00:00,2019-10-06 00:00:00,False,49,0:425;1:400,0
516,0;1,2018-10-20 00:00:00,2019-10-06 00:00:00,False,16,0:104;1:95,0
517,0;1,2018-10-20 00:00:00,2019-10-06 00:00:00,False,22,0:60;1:63,0
518,0;1,2018-10-20 00:00:00,2019-10-06 00:00:00,False,13,0:61;1:68,0
519,0;1,2018-10-20 00:00:00,2019-10-06 00:00:00,False,19,0:164;1:167,0
520,0;1,2018-10-20 00:00:00,2019-10-06 00:00:00,False,20,0:488;1:467,0
521,0;1,2018-10-20 00:00:00,2019-10-06 00:00:00,False,30,0:387;1:396,0
522,0;1,2018-10-20 00:00:00,2019-10-06 00:00:00,False,47,0:234;1:250,0
523,0;1,2018-10-20 00:00:00,2019-10-06 00:00:00,False,39,0:427;1:442,0
524,0;1,2018-10-20 00:00:00,2019-10-06 00:00:00,False,28,0:116;1:111,0
525,0;1,2018-10-20 00:00:00,2019-10-06 00:00:00,False,14,0:215;1:192,0
526,0;1,2018-10-20 00:00:00,2019-10-06 00:00:00,False,42,0:382;1:386,0
527,0;1,2018-10-20 00:00:00,2019-10-06 00:00:00,False,41,0:365;1:362,0
528,0;1,2018-10-20 00:00:00,2019-10-06 00:00:00,False,25,0:156;1:138,0
529,0;1,2018-10-20 00:00:00,2019-10-06 00:00:00,False,11,0:145;1:146,0
530,0;1,2018-10-20 00:00:00,2019-10-06 00:00:00,False,9,0:155;1:193,0
531,0;1,2018-10-20 00:00:00,2019-10-06 00:00:00,False,8,0:197;1:199,0
532,0;1,2016-05-20 00:00:00,2018-02-09 00:00:00,False,4,0:147;1:110,1
533,0;1,2016-05-20 00:00:00,2018-02-09 00:00:00,False,18,0:235;1:280,1
534,0;1,2016-05-20 00:00:00,2018-02-09 00:00:00,False,46,0:426;1:364,1
535,0;1,2016-05-20 00:00:00,2018-02-09 00:00:00,False,33,0:454;1:413,1
536,0;1,2016-05-20 00:00:00,2018-02-09 00:00:00,False,15,0:38;1:28,1
537,0;1,2016-05-20 00:00:00,2018-02-09 00:00:00,False,0,0:270;1:243,1
538,0;1,2016-05-20 00:00:00,2018-02-09 00:00:00,False,48,0:197;1:201,1
539,0;1,2016-05-20 00:00:00,2018-02-09 00:00:00,False,38,0:324;1:318,1
540,0;1,2016-05-20 00:00:00,2018-02-09 00:00:00,False,29,0:428;1:425,1
541,0;1,2016-05-20 00:00:00,2018-02-09 00:00:00,False,21,0:437;1:468,1
542,0;1,2016-05-20 00:00:00,2018-02-09 00:00:00,False,12,0:226;1:203,1
543,0;1,2016-05-20 00:00:00,2018-02-09 00:00:00,False,23,0:489;1:459,1
544,0;1,2016-05-20 00:00:00,2018-02-09 00:00:00,False,6,0:349;1:324,1
545,0;1,2016-05-20 00:00:00,2018-02-09 00:00:00,False,24,0:149;1:111,1
546,0;1,2016-05-20 00:00:00,2018-02-09 00:00:00,False,31,0:507;1:480,1
547,0;1,2016-05-20 00:00:00,2018-02-09 00:00:00,False,34,0:26;1:26,1
548,0;1,2016-05-20 00:00:00,2018-02-09 00:00:00,False,17,0:429;1:444,1
549,0;1,2016-05-20 00:00:00,2018-02-09 00:00:00,False,10,0:175;1:193,1
550,0;1,2016-05-20 00:00:00,2018-02-09 00:00:00,False,1,0:133;1:112,1
551,0;1,2016-05-20 00:00:00,2018-02-09 00:00:00,False,49,0:22;1:10,1
552,0;1,2016-05-20 00:00:00,2018-02-09 00:00:00,False,2,0:426;1:462,1
553,0;1,2016-05-20 00:00:00,2018-02-09 00:00:00,False,22,0:467;1:468,1
554,0;1,2016-05-20 00:00:00,2018-02-09 00:00:00,False,3,0:181;1:140,1
555,0;1,2016-05-20 00:00:00,2018-02-09 00:00:00,False,5,0:201;1:189,1
556,0;1,2016-05-20 00:00:00,2018-02-09 00:00:00,False,47,0:354;1:399,1
557,0;1,2016-05-20 00:00:00,2018-02-09 00:00:00,False,28,0:237;1:227,1
558,0;1,2016-05-20 00:00:00,2018-02-09 00:00:00,False,36,0:202;1:208,1
559,0;1,2016-05-20 00:00:00,2018-02-09 00:00:00,False,14,0:310;1:294,1
560,0;1,2016-05-20 00:00:00,2018-02-09 00:00:00,False,27,0:151;1:140,1
561,0;1,2016-05-20 00:00:00,2018-02-09 00:00:00,False,40,0:379;1:354,1
562,0;1,2016-05-20 00:00:00,2018-02-09 00:00:00,False,41,0:322;1:316,1
563,0;1,2016-05-20 00:00:00,2018-02-09 00:00:00,False,25,0:325;1:289,1
564,0;1,2016-05-20 00:00:00,2018-02-09 00:00:00,False,11,0:171;1:208,1
565,0;1,2016-05-20 00:00:00,2018-02-09 00:00:00,False,8,0:230;1:261,1
566,0;1,2016-11-03 00:00:00,2018-01-20 00:00:00,False,4,0:348;1:387,0
567,0;1,2016-11-03 00:00:00,2018-01-20 00:00:00,False,18,0:19;1:25,0
568,0;1,2016-11-03 00:00:00,2018-01-20 00:00:00,False,46,0:252;1:253,0
569,0;1,2016-11-03 00:00:00,2018-01-20 00:00:00,False,33,0:70;1:58,0
570,0;1,2016-11-03 00:00:00,2018-01-20 00:00:00,False,0,0:216;1:179,0
571,0;1,2016-11-03 00:00:00,2018-01-20 00:00:00,False,45,0:300;1:309,0
572,0;1,2016-11-03 00:00:00,2018-01-20 00:00:00,False,48,0:22;1:22,0
573,0;1,2016-11-03 00:00:00,2018-01-20 00:00:00,False,38,0:472;1:462,0
574,0;1,2016-11-03 00:00:00,2018-01-20 00:00:00,False,21,0:300;1:267,0
575,0;1,2016-11-03 00:00:00,2018-01-20 00:00:00,False,24,0:129;1:142,0
576,0;1,2016-11-03 00:00:00,2018-01-20 00:00:00,False,6,0:393;1:420,0
577,0;1,2016-11-03 00:00:00,2018-01-20 00:00:00,False,31,0:112;1:101,0
578,0;1,2016-11-03 00:00:00,2018-01-20 00:00:00,False,34,0:97;1:99,0
579,0;1,2016-11-03 00:00:00,2018-01-20 00:00:00,False,17,0:238;1:235,0
580,0;1,2016-11-03 00:00:00,2018-01-20 00:00:00,False,10,0:135;1:132,0
581,0;1,2016-11-03 00:00:00,2018-01-20 00:00:00,False,49,0:428;1:423,0
582,0;1,2016-11-03 00:00:00,2018-01-20 00:00:00,False,2,0:203;1:212,0
583,0;1,2016-11-03 00:00:00,2018-01-20 00:00:00,False,22,0:143;1:118,0
584,0;1,2016-11-03 00:00:00,2018-01-20 00:00:00,False,13,0:127;1:109,0
585,0;1,2016-11-03 00:00:00,2018-01-20 00:00:00,False,19,0:197;1:185,0
586,0;1,2016-11-03 00:00:00,2018-01-20 00:00:00,False,3,0:319;1:356,0
587,0;1,2016-11-03 00:00:00,2018-01-20 00:00:00,False,20,0:6;1:8,0
588,0;1,2016-11-03 00:00:00,2018-01-20 00:00:00,False,30,0:496;1:454,0
589,0;1,2016-11-03 00:00:00,2018-01-20 00:00:00,False,5,0:428;1:439,0
590,0;1,2016-11-03 00:00:00,2018-01-20 00:00:00,False,28,0:294;1:266,0
591,0;1,2016-11-03 00:00:00,2018-01-20 00:00:00,False,27,0:277;1:238,0
592,0;1,2016-11-03 00:00:00,2018-01-20 00:00:00,False,42,0:372;1:387,0
593,0;1,2016-11-03 00:00:00,2018-01-20 00:00:00,False,41,0:407;1:376,0
594,0;1,2016-11-03 00:00:00,2018-01-20 00:00:00,False,7,0:388;1:409,0
595,0;1,2016-11-03 00:00:00,2018-01-20 00:00:00,False,25,0:325;1:370,0
596,0;1,2016-11-03 00:00:00,2018-01-20 00:00:00,False,11,0:58;1:87,0
597,0;1,2016-11-03 00:00:00,2018-01-20 00:00:00,False,9,0:247;1:220,0
598,0;1,2016-11-03 00:00:00,2018-01-20 00:00:00,False,26,0:303;1:334,0
599,0;1,2016-11-03 00:00:00,2018-01-20 00:00:00,False,8,0:120;1:121,0
600,0;1,2016-11-03 00:00:00,2018-01-20 00:00:00,False,32,0:255;1:273,0
601,0;1,2017-09-25 00:00:00,2020-03-13 00:00:00,False,4,0:310;1:301,0
602,0;1,2017-09-25 00:00:00,2020-03-13 00:00:00,False,18,0:377;1:366,0
603,0;1,2017-09-25 00:00:00,2020-03-13 00:00:00,False,15,0:89;1:95,0
604,0;1,2017-09-25 00:00:00,2020-03-13 00:00:00,False,0,0:334;1:308,0
605,0;1,2017-09-25 00:00:00,2020-03-13 00:00:00,False,45,0:426;1:413,0
606,0;1,2017-09-25 00:00:00,2020-03-13 00:00:00,False,38,0:334;1:351,0
607,0;1,2017-09-25 00:00:00,2020-03-13 00:00:00,False,48,0:451;1:518,0
608,0;1,2017-09-25 00:00:00,2020-03-13 00:00:00,False,29,0:496;1:476,0
609,0;1,2017-09-25 00:00:00,2020-03-13 00:00:00,False,21,0:364;1:395,0
610,0;1,2017-09-25 00:00:00,2020-03-13 00:00:00,False,12,0:151;1:165,0
611,0;1,2017-09-25 00:00:00,2020-03-13 00:00:00,False,23,0:243;1:259,0
612,0;1,2017-09-25 00:00:00,2020-03-13 00:00:00,False,6,0:19;1:21,0
613,0;1,2017-09-25 00:00:00,2020-03-13 00:00:00,False,34,0:46;1:46,0
614,0;1,2017-09-25 00:00:00,2020-03-13 00:00:00,False,17,0:407;1:497,0
615,0;1,2017-09-25 00:00:00,2020-03-13 00:00:00,False,49,0:337;1:362,0
616,0;1,2017-09-25 00:00:00,2020-03-13 00:00:00,False,2,0:215;1:207,0
617,0;1,2017-09-25 00:00:00,2020-03-13 00:00:00,False,22,0:293;1:293,0
618,0;1,2017-09-25 00:00:00,2020-03-13 00:00:00,False,13,0:191;1:202,0
619,0;1,2017-09-25 00:00:00,2020-03-13 00:00:00,False,19,0:253;1:303,0
620,0;1,2017-09-25 00:00:00,2020-03-13 00:00:00,False,20,0:325;1:266,0
621,0;1,2017-09-25 00:00:00,2020-03-13 00:00:00,False,30,0:295;1:293,0
622,0;1,2017-09-25 00:00:00,2020-03-13 00:00:00,False,47,0:358;1:296,0
623,0;1,2017-09-25 00:00:00,2020-03-13 00:00:00,False,39,0:214;1:200,0
624,0;1,2017-09-25 00:00:00,2020-03-13 00:00:00,False,28,0:146;1:130,0
625,0;1,2017-09-25 00:00:00,2020-03-13 00:00:00,False,27,0:152;1:172,0
626,0;1,2017-09-25 00:00:00,2020-03-13 00:00:00,False,41,0:16;1:13,0
627,0;1,2017-09-25 00:00:00,2020-03-13 00:00:00,False,37,0:4;1:10,0
628,0;1,2017-09-25 00:00:00,2020-03-13 00:00:00,False,7,0:37;1:40,0
629,0;1,2017-09-25 00:00:00,2020-03-13 00:00:00,False,25,0:149;1:143,0
630,0;1,2017-09-25 00:00:00,2020-03-13 00:00:00,False,11,0:91;1:86,0
631,0;1,2017-09-25 00:00:00,2020-03-13 00:00:00,False,9,0:74;1:93,0
632,0;1,2017-09-25 00:00:00,2020-03-13 00:00:00,False,26,0:7;1:4,0
633,0;1,2017-09-25 00:00:00,2020-03-13 00:00:00,False,8,0:438;1:426,0
634,0;1,2016-01-16 00:00:00,2019-08-28 00:00:00,False,4,0:53;1:45,1
635,0;1,2016-01-16 00:00:00,2019-08-28 00:00:00,False,46,0:369;1:416,1
636,0;1,2016-01-16 00:00:00,2019-08-28 00:00:00,False,33,0:249;1:229,1
637,0;1,2016-01-16 00:00:00,2019-08-28 00:00:00,False,15,0:410;1:391,1
638,0;1,2016-01-16 00:00:00,2019-08-28 00:00:00,False,45,0:152;1:150,1
639,0;1,2016-01-16 00:00:00,2019-08-28 00:00:00,False,48,0:169;1:159,1
640,0;1,2016-01-16 00:00:00,2019-08-28 00:00:00,False,44,0:334;1:315,1
641,0;1,2016-01-16 00:00:00,2019-08-28 00:00:00,False,29,0:281;1:277,1
642,0;1,2016-01-16 00:00:00,2019-08-28 00:00:00,False,21,0:96;1:100,1
643,0;1,2016-01-16 00:00:00,2019-08-28 00:00:00,False,12,0:439;1:444,1
644,0;1,2016-01-16 00:00:00,2019-08-28 00:00:00,False,24,0:294;1:279,1
645,0;1,2016-01-16 00:00:00,2019-08-28 00:00:00,False,6,0:231;1:231,1
646,0;1,2016-01-16 00:00:00,2019-08-28 00:00:00,False,34,0:93;1:95,1
647,0;1,2016-01-16 00:00:00,2019-08-28 00:00:00,False,17,0:496;1:474,1
648,0;1,2016-01-16 00:00:00,2019-08-28 00:00:00,False,1,0:338;1:314,1
649,0;1,2016-01-16 00:00:00,2019-08-28 00:00:00,False,2,0:84;1:88,1
650,0;1,2016-01-16 00:00:00,2019-08-28 00:00:00,False,16,0:322;1:369,1
651,0;1,2016-01-16 00:00:00,2019-08-28 00:00:00,False,35,0:459;1:460,1
652,0;1,2016-01-16 00:00:00,2019-08-28 00:00:00,False,20,0:123;1:127,1
653,0;1,2016-01-16 00:00:00,2019-08-28 00:00:00,False,3,0:53;1:35,1
654,0;1,2016-01-16 00:00:00,2019-08-28 00:00:00,False,5,0:414;1:400,1
655,0;1,2016-01-16 00:00:00,2019-08-28 00:00:00,False,47,0:135;1:142,1
656,0;1,2016-01-16 00:00:00,2019-08-28 00:00:00,False,39,0:115;1:123,1
657,0;1,2016-01-16 00:00:00,2019-08-28 00:00:00,False,14,0:148;1:152,1
658,0;1,2016-01-16 00:00:00,2019-08-28 00:00:00,False,36,0:437;1:476,1
659,0;1,2016-01-16 00:00:00,2019-08-28 00:00:00,False,27,0:17;1:14,1
660,0;1,2016-01-16 00:00:00,2019-08-28 00:00:00,False,42,0:60;1:50,1
661,0;1,2016-01-16 00:00:00,2019-08-28 00:00:00,False,41,0:135;1:155,1
662,0;1,2016-01-16 00:00:00,2019-08-28 00:00:00,False,25,0:225;1:239,1
663,0;1,2016-01-16 00:00:00,2019-08-28 00:00:00,False,26,0:381;1:369,1
664,0;1,2016-01-16 00:00:00,2019-08-28 00:00:00,False,32,0:12;1:20,1
665,0;1,2017-12-19 00:00:00,2019-03-10 00:00:00,False,4,0:368;1:405,1
666,0;1,2017-12-19 00:00:00,2019-03-10 00:00:00,False,18,0:54;1:41,1
667,0;1,2017-12-19 00:00:00,2019-03-10 00:00:00,False,0,0:147;1:175,1
668,0;1,2017-12-19 00:00:00,2019-03-10 00:00:00,False,38,0:149;1:123,1
669,0;1,2017-12-19 00:00:00,2019-03-10 00:00:00,False,29,0:119;1:120,1
670,0;1,2017-12-19 00:00:00,2019-03-10 00:00:00,False,44,0:326;1:294,1
671,0;1,2017-12-19 00:00:00,2019-03-10 00:00:00,False,21,0:190;1:222,1
672,0;1,2017-12-19 00:00:00,2019-03-10 00:00:00,False,24,0:243;1:210,1
673,0;1,2017-12-19 00:00:00,2019-03-10 00:00:00,False,23,0:478;1:447,1
674,0;1,2017-12-19 00:00:00,2019-03-10 00:00:00,False,6,0:170;1:142,1
675,0;1,2017-12-19 00:00:00,2019-03-10 00:00:00,False,31,0:17;1:31,1
676,0;1,2017-12-19 00:00:00,2019-03-10 00:00:00,False,10,0:25;1:18,1
677,0;1,2017-12-19 00:00:00,2019-03-10 00:00:00,False,49,0:469;1:446,1
678,0;1,2017-12-19 00:00:00,2019-03-10 00:00:00,False,1,0:365;1:384,1
679,0;1,2017-12-19 00:00:00,2019-03-10 00:00:00,False,2,0:70;1:67,1
680,0;1,2017-12-19 00:00:00,2019-03-10 00:00:00,False,16,0:379;1:391,1
681,0;1,2017-12-19 00:00:00,2019-03-10 00:00:00,False,35,0:133;1:149,1
682,0;1,2017-12-19 00:00:00,2019-03-10 00:00:00,False,13,0:165;1:150,1
683,0;1,2017-12-19 00:00:00,2019-03-10 00:00:00,False,19,0:207;1:200,1
684,0;1,2017-12-19 00:00:00,2019-03-10 00:00:00,False,20,0:437;1:487,1
685,0;1,2017-12-19 00:00:00,2019-03-10 00:00:00,False,3,0:66;1:68,1
686,0;1,2017-12-19 00:00:00,2019-03-10 00:00:00,False,47,0:223;1:221,1
687,0;1,2017-12-19 00:00:00,2019-03-10 00:00:00,False,39,0:78;1:76,1
688,0;1,2017-12-19 00:00:00,2019-03-10 00:00:00,False,43,0:206;1:199,1
689,0;1,2017-12-19 00:00:00,2019-03-10 00:00:00,False,28,0:124;1:114,1
690,0;1,2017-12-19 00:00:00,2019-03-10 00:00:00,False,14,0:169;1:177,1
691,0;1,2017-12-19 00:00:00,2019-03-10 00:00:00,False,27,0:306;1:348,1
692,0;1,2017-12-19 00:00:00,2019-03-10 00:00:00,False,37,0:491;1:492,1
693,0;1,2017-12-19 00:00:00,2019-03-10 00:00:00,False,7,0:315;1:347,1
694,0;1,2017-12-19 00:00:00,2019-03-10 00:00:00,False,25,0:196;1:222,1
695,0;1,2017-12-19 00:00:00,2019-03-10 00:00:00,False,11,0:147;1:127,1
696,0;1,2017-12-19 00:00:00,2019-03-10 00:00:00,False,9,0:193;1:214,1
697,0;1,2017-12-19 00:00:00,2019-03-10 00:00:00,False,26,0:216;1:195,1
698,0;1,2017-12-19 00:00:00,2019-03-10 00:00:00,False,32,0:275;1:228,1
699,0;1,2017-10-23 00:00:00,2019-11-25 00:00:00,False,4,0:221;1:217,1
700,0;1,2017-10-23 00:00:00,2019-11-25 00:00:00,False,18,0:322;1:292,1
701,0;1,2017-10-23 00:00:00,2019-11-25 00:00:00,False,46,0:133;1:138,1
702,0;1,2017-10-23 00:00:00,2019-11-25 00:00:00,False,33,0:276;1:258,1
703,0;1,2017-10-23 00:00:00,2019-11-25 00:00:00,False,48,0:491;1:453,1
704,0;1,2017-10-23 00:00:00,2019-11-25 00:00:00,False,38,0:503;1:451,1
705,0;1,2017-10-23 00:00:00,2019-11-25 00:00:00,False,24,0:268;1:301,1
706,0;1,2017-10-23 00:00:00,2019-11-25 00:00:00,False,6,0:312;1:355,1
707,0;1,2017-10-23 00:00:00,2019-11-25 00:00:00,False,23,0:347;1:335,1
708,0;1,2017-10-23 00:00:00,2019-11-25 00:00:00,False,31,0:149;1:133,1
709,0;1,2017-10-23 00:00:00,2019-11-25 00:00:00,False,1,0:475;1:447,1
710,0;1,2017-10-23 00:00:00,2019-11-25 00:00:00,False,49,0:250;1:248,1
711,0;1,2017-10-23 00:00:00,2019-11-25 00:00:00,False,2,0:258;1:284,1
712,0;1,2017-10-23 00:00:00,2019-11-25 00:00:00,False,22,0:86;1:100,1
713,0;1,2017-10-23 00:00:00,2019-11-25 00:00:00,False,35,0:285;1:261,1
714,0;1,2017-10-23 00:00:00,2019-11-25 00:00:00,False,19,0:165;1:184,1
715,0;1,2017-10-23 00:00:00,2019-11-25 00:00:00,False,20,0:327;1:333,1
716,0;1,2017-10-23 00:00:00,2019-11-25 00:00:00,False,30,0:348;1:369,1
717,0;1,2017-10-23 00:00:00,2019-11-25 00:00:00,False,3,0:397;1:339,1
718,0;1,2017-10-23 00:00:00,2019-11-25 00:00:00,False,5,0:167;1:154,1
719,0;1,2017-10-23 00:00:00,2019-11-25 00:00:00,False,47,0:237;1:247,1
720,0;1,2017-10-23 00:00:00,2019-11-25 00:00:00,False,39,0:248;1:252,1
721,0;1,2017-10-23 00:00:00,2019-11-25 00:00:00,False,28,0:216;1:256,1
722,0;1,2017-10-23 00:00:00,2019-11-25 00:00:00,False,36,0:315;1:313,1
723,0;1,2017-10-23 00:00:00,2019-11-25 00:00:00,False,27,0:28;1:24,1
724,0;1,2017-10-23 00:00:00,2019-11-25 00:00:00,False,40,0:157;1:146,1
725,0;1,2017-10-23 00:00:00,2019-11-25 00:00:00,False,37,0:72;1:76,1
726,0;1,2017-10-23 00:00:00,2019-11-25 00:00:00,False,7,0:172;1:169,1
727,0;1,2017-10-23 00:00:00,2019-11-25 00:00:00,False,25,0:132;1:127,1
728,0;1,2017-10-23 00:00:00,2019-11-25 00:00:00,False,11,0:161;1:181,1
729,0;1,2017-10-23 00:00:00,2019-11-25 00:00:00,False,26,0:378;1:360,1
730,0;1,2017-10-23 00:00:00,2019-11-25 00:00:00,False,8,0:39;1:46,1
731,0;1,2017-10-23 00:00:00,2019-11-25 00:00:00,False,32,0:190;1:185,1
732,0;1,2016-04-05 00:00:00,2019-10-07 00:00:00,False,4,0:255;1:239,1
733,0;1,2016-04-05 00:00:00,2019-10-07 00:00:00,False,46,0:371;1:389,1
734,0;1,2016-04-05 00:00:00,2019-10-07 00:00:00,False,33,0:497;1:469,1
735,0;1,2016-04-05 00:00:00,2019-10-07 00:00:00,False,15,0:63;1:66,1
736,0;1,2016-04-05 00:00:00,2019-10-07 00:00:00,False,45,0:288;1:285,1
737,0;1,2016-04-05 00:00:00,2019-10-07 00:00:00,False,48,0:5;1:3,1
738,0;1,2016-04-05 00:00:00,2019-10-07 00:00:00,False,21,0:152;1:155,1
739,0;1,2016-04-05 00:00:00,2019-10-07 00:00:00,False,12,0:207;1:225,1
740,0;1,2016-04-05 00:00:00,2019-10-07 00:00:00,False,23,0:257;1:243,1
741,0;1,2016-04-05 00:00:00,2019-10-07 00:00:00,False,6,0:22;1:26,1
742,0;1,2016-04-05 00:00:00,2019-10-07 00:00:00,False,24,0:243;1:251,1
743,0;1,2016-04-05 00:00:00,2019-10-07 00:00:00,False,34,0:38;1:35,1
744,0;1,2016-04-05 00:00:00,2019-10-07 00:00:00,False,17,0:478;1:470,1
745,0;1,2016-04-05 00:00:00,2019-10-07 00:00:00,False,49,0:235;1:232,1
746,0;1,2016-04-05 00:00:00,2019-10-07 00:00:00,False,2,0:1;1:0,1
747,0;1,2016-04-05 00:00:00,2019-10-07 00:00:00,False,16,0:424;1:447,1
748,0;1,2016-04-05 00:00:00,2019-10-07 00:00:00,False,22,0:485;1:479,1
749,0;1,2016-04-05 00:00:00,2019-10-07 00:00:00,False,13,0:436;1:410,1
750,0;1,2016-04-05 00:00:00,2019-10-07 00:00:00,False,35,0:141;1:133,1
751,0;1,2016-04-05 00:00:00,2019-10-07 00:00:00,False,19,0:97;1:111,1
752,0;1,2016-04-05 00:00:00,2019-10-07 00:00:00,False,20,0:431;1:382,1
753,0;1,2016-04-05 00:00:00,2019-10-07 00:00:00,False,30,0:242;1:218,1
754,0;1,2016-04-05 00:00:00,2019-10-07 00:00:00,False,43,0:295;1:330,1
755,0;1,2016-04-05 00:00:00,2019-10-07 00:00:00,False,28,0:155;1:156,1
756,0;1,2016-04-05 00:00:00,2019-10-07 00:00:00,False,36,0:410;1:428,1
757,0;1,2016-04-05 00:00:00,2019-10-07 00:00:00,False,27,0:300;1:290,1
758,0;1,2016-04-05 00:00:00,2019-10-07 00:00:00,False,40,0:352;1:355,1
759,0;1,2016-04-05 00:00:00,2019-10-07 00:00:00,False,41,0:86;1:114,1
760,0;1,2016-04-05 00:00:00,2019-10-07 00:00:00,False,37,0:294;1:291,1
761,0;1,2016-04-05 00:00:00,2019-10-07 00:00:00,False,11,0:52;1:59,1
762,0;1,2016-04-05 00:00:00,2019-10-07 00:00:00,False,9,0:32;1:29,1
763,0;1,2016-04-05 00:00:00,2019-10-07 00:00:00,False,26,0:359;1:364,1
764,0;1,2016-04-05 00:00:00,2019-10-07 00:00:00,False,32,0:491;1:495,1
765,0;1,2017-10-16 00:00:00,2018-07-30 00:00:00,False,4,0:408;1:408,0
766,0;1,2017-10-16 00:00:00,2018-07-30 00:00:00,False,18,0:33;1:35,0
767,0;1,2017-10-16 00:00:00,2018-07-30 00:00:00,False,33,0:122;1:123,0
768,0;1,2017-10-16 00:00:00,2018-07-30 00:00:00,False,15,0:289;1:280,0
769,0;1,2017-10-16 00:00:00,2018-07-30 00:00:00,False,0,0:319;1:348,0
770,0;1,2017-10-16 00:00:00,2018-07-30 00:00:00,False,38,0:237;1:223,0
771,0;1,2017-10-16 00:00:00,2018-07-30 00:00:00,False,21,0:262;1:243,0
772,0;1,2017-10-16 00:00:00,2018-07-30 00:00:00,False,12,0:243;1:221,0
773,0;1,2017-10-16 00:00:00,2018-07-30 00:00:00,False,24,0:507;1:466,0
774,0;1,2017-10-16 00:00:00,2018-07-30 00:00:00,False,34,0:257;1:287,0
775,0;1,2017-10-16 00:00:00,2018-07-30 00:00:00,False,17,0:327;1:333,0
776,0;1,2017-10-16 00:00:00,2018-07-30 00:00:00,False,31,0:63;1:86,0
777,0;1,2017-10-16 00:00:00,2018-07-30 00:00:00,False,1,0:416;1:399,0
778,0;1,2017-10-16 00:00:00,2018-07-30 00:00:00,False,22,0:116;1:117,0
779,0;1,2017-10-16 00:00:00,2018-07-30 00:00:00,False,47,0:20;1:16,0
780,0;1,2017-10-16 00:00:00,2018-07-30 00:00:00,False,39,0:105;1:98,0
781,0;1,2017-10-16 00:00:00,2018-07-30 00:00:00,False,43,0:108;1:98,0
782,0;1,2017-10-16 00:00:00,2018-07-30 00:00:00,False,28,0:272;1:232,0
783,0;1,2017-10-16 00:00:00,2018-07-30 00:00:00,False,14,0:279;1:305,0
784,0;1,2017-10-16 00:00:00,2018-07-30 00:00:00,False,27,0:321;1:318,0
785,0;1,2017-10-16 00:00:00,2018-07-30 00:00:00,False,40,0:119;1:119,0
786,0;1,2017-10-16 00:00:00,2018-07-30 00:00:00,False,37,0:179;1:174,0
787,0;1,2017-10-16 00:00:00,2018-07-30 00:00:00,False,25,0:84;1:82,0
788,0;1,2017-10-16 00:00:00,2018-07-30 00:00:00,False,11,0:352;1:343,0
789,0;1,2017-10-16 00:00:00,2018-07-30 00:00:00,False,9,0:309;1:356,0
790,0;1,2017-10-16 00:00:00,2018-07-30 00:00:00,False,26,0:210;1:192,0
791,0;1,2017-10-16 00:00:00,2018-07-30 00:00:00,False,8,0:456;1:472,0
792,0;1,2016-02-11 00:00:00,2018-10-09 00:00:00,False,18,0:62;1:80,1
793,0;1,2016-02-11 00:00:00,2018-10-09 00:00:00,False,0,0:434;1:441,1
794,0;1,2016-02-11 00:00:00,2018-10-09 00:00:00,False,48,0:483;1:502,1
795,0;1,2016-02-11 00:00:00,2018-10-09 00:00:00,False,38,0:24;1:24,1
796,0;1,2016-02-11 00:00:00,2018-10-09 00:00:00,False,44,0:209;1:207,1
797,0;1,2016-02-11 00:00:00,2018-10-09 00:00:00,False,29,0:230;1:251,1
798,0;1,2016-02-11 00:00:00,2018-10-09 00:00:00,False,21,0:157;1:173,1
799,0;1,2016-02-11 00:00:00,2018-10-09 00:00:00,False,24,0:197;1:219,1
800,0;1,2016-02-11 00:00:00,2018-10-09 00:00:00,False,6,0:332;1:324,1
801,0;1,2016-02-11 00:00:00,2018-10-09 00:00:00,False,31,0:481;1:439,1
802,0;1,2016-02-11 00:00:00,2018-10-09 00:00:00,False,17,0:216;1:227,1
803,0;1,2016-02-11 00:00:00,2018-10-09 00:00:00,False,10,0:399;1:378,1
804,0;1,2016-02-11 00:00:00,2018-10-09 00:00:00,False,16,0:438;1:437,1
805,0;1,2016-02-11 00:00:00,2018-10-09 00:00:00,False,22,0:42;1:43,1
806,0;1,2016-02-11 00:00:00,2018-10-09 00:00:00,False,13,0:462;1:479,1
807,0;1,2016-02-11 00:00:00,2018-10-09 00:00:00,False,19,0:2;1:4,1
808,0;1,2016-02-11 00:00:00,2018-10-09 00:00:00,False,3,0:401;1:368,1
809,0;1,2016-02-11 00:00:00,2018-10-09 00:00:00,False,20,0:37;1:34,1
810,0;1,2016-02-11 00:00:00,2018-10-09 00:00:00,False,30,0:257;1:283,1
811,0;1,2016-02-11 00:00:00,2018-10-09 00:00:00,False,47,0:60;1:44,1
812,0;1,2016-02-11 00:00:00,2018-10-09 00:00:00,False,43,0:254;1:290,1
813,0;1,2016-02-11 00:00:00,2018-10-09 00:00:00,False,28,0:243;1:234,1
814,0;1,2016-02-11 00:00:00,2018-10-09 00:00:00,False,27,0:484;1:453,1
815,0;1,2016-02-11 00:00:00,2018-10-09 00:00:00,False,40,0:180;1:137,1
816,0;1,2016-02-11 00:00:00,2018-10-09 00:00:00,False,41,0:166;1:175,1
817,0;1,2016-02-11 00:00:00,2018-10-09 00:00:00,False,25,0:23;1:11,1
818,0;1,2016-02-11 00:00:00,2018-10-09 00:00:00,False,11,0:309;1:350,1
819,0;1,2016-02-11 00:00:00,2018-10-09 00:00:00,False,26,0:279;1:259,1
820,0;1,2016-02-11 00:00:00,2018-10-09 00:00:00,False,8,0:208;1:250,1
821,0;1,2020-08-24 00:00:00,2020-08-24 00:00:00,False,18,0:461;1:437,0
822,0;1,2020-08-24 00:00:00,2020-08-24 00:00:00,False,46,0:467;1:472,0
823,0;1,2020-08-24 00:00:00,2020-08-24 00:00:00,False,15,0:78;1:71,0
824,0;1,2020-08-24 00:00:00,2020-08-24 00:00:00,False,45,0:175;1:161,0
825,0;1,2020-08-24 00:00:00,2020-08-24 00:00:00,False,0,0:106;1:96,0
826,0;1,2020-08-24 00:00:00,2020-08-24 00:00:00,False,38,0:381;1:373,0
827,0;1,2020-08-24 00:00:00,2020-08-24 00:00:00,False,48,0:318;1:328,0
828,0;1,2020-08-24 00:00:00,2020-08-24 00:00:00,False,44,0:198;1:169,0
829,0;1,2020-08-24 00:00:00,2020-08-24 00:00:00,False,29,0:385;1:385,0
830,0;1,2020-08-24 00:00:00,2020-08-24 00:00:00,False,21,0:196;1:186,0
831,0;1,2020-08-24 00:00:00,2020-08-24 00:00:00,False,12,0:338;1:342,0
832,0;1,2020-08-24 00:00:00,2020-08-24 00:00:00,False,23,0:490;1:442,0
833,0;1,2020-08-24 00:00:00,2020-08-24 00:00:00,False,34,0:34;1:53,0
834,0;1,2020-08-24 00:00:00,2020-08-24 00:00:00,False,17,0:476;1:480,0
835,0;1,2020-08-24 00:00:00,2020-08-24 00:00:00,False,10,0:7;1:10,0
836,0;1,2020-08-24 00:00:00,2020-08-24 00:00:00,False,1,0:236;1:251,0
837,0;1,2020-08-24 00:00:00,2020-08-24 00:00:00,False,2,0:209;1:227,0
838,0;1,2020-08-24 00:00:00,2020-08-24 00:00:00,False,16,0:392;1:378,0
839,0;1,2020-08-24 00:00:00,2020-08-24 00:00:00,False,35,0:389;1:374,0
840,0;1,2020-08-24 00:00:00,2020-08-24 00:00:00,False,19,0:51;1:45,0
841,0;1,2020-08-24 00:00:00,2020-08-24 00:00:00,False,20,0:272;1:271,0
842,0;1,2020-08-24 00:00:00,2020-08-24 00:00:00,False,30,0:266;1:224,0
843,0;1,2020-08-24 00:00:00,2020-08-24 00:00:00,False,5,0:48;1:46,0
844,0;1,2020-08-24 00:00:00,2020-08-24 00:00:00,False,39,0:415;1:423,0
845,0;1,2020-08-24 00:00:00,2020-08-24 00:00:00,False,43,0:272;1:268,0
846,0;1,2020-08-24 00:00:00,2020-08-24 00:00:00,False,28,0:170;1:167,0
847,0;1,2020-08-24 00:00:00,2020-08-24 00:00:00,False,41,0:128;1:126,0
848,0;1,2020-08-24 00:00:00,2020-08-24 00:00:00,False,37,0:473;1:421,0
849,0;1,2020-08-24 00:00:00,2020-08-24 00:00:00,False,7,0:332;1:354,0
850,0;1,2020-08-24 00:00:00,2020-08-24 00:00:00,False,25,0:150;1:133,0
851,0;1,2020-08-24 00:00:00,2020-08-24 00:00:00,False,11,0:208;1:202,0
852,0;1,2020-08-24 00:00:00,2020-08-24 00:00:00,False,8,0:313;1:300,0
853,0;1,2016-06-08 00:00:00,2019-07-12 00:00:00,False,46,0:26;1:32,1
854,0;1,2016-06-08 00:00:00,2019-07-12 00:00:00,False,33,0:392;1:428,1
855,0;1,2016-06-08 00:00:00,2019-07-12 00:00:00,False,0,0:437;1:383,1
856,0;1,2016-06-08 00:00:00,2019-07-12 00:00:00,False,38,0:116;1:123,1
857,0;1,2016-06-08 00:00:00,2019-07-12 00:00:00,False,48,0:25;1:19,1
858,0;1,2016-06-08 00:00:00,2019-07-12 00:00:00,False,21,0:284;1:289,1
859,0;1,2016-06-08 00:00:00,2019-07-12 00:00:00,False,6,0:211;1:221,1
860,0;1,2016-06-08 00:00:00,2019-07-12 00:00:00,False,31,0:241;1:206,1
861,0;1,2016-06-08 00:00:00,2019-07-12 00:00:00,False,17,0:301;1:336,1
862,0;1,2016-06-08 00:00:00,2019-07-12 00:00:00,False,10,0:307;1:320,1
863,0;1,2016-06-08 00:00:00,2019-07-12 00:00:00,False,1,0:376;1:379,1
864,0;1,2016-06-08 00:00:00,2019-07-12 00:00:00,False,49,0:175;1:199,1
865,0;1,2016-06-08 00:00:00,2019-07-12 00:00:00,False,2,0:174;1:160,1
866,0;1,2016-06-08 00:00:00,2019-07-12 00:00:00,False,16,0:230;1:240,1
867,0;1,2016-06-08 00:00:00,2019-07-12 00:00:00,False,22,0:114;1:112,1
868,0;1,2016-06-08 00:00:00,2019-07-12 00:00:00,False,13,0:320;1:319,1
869,0;1,2016-06-08 00:00:00,2019-07-12 00:00:00,False,20,0:310;1:314,1
870,0;1,2016-06-08 00:00:00,2019-07-12 00:00:00,False,30,0:59;1:73,1
871,0;1,2016-06-08 00:00:00,2019-07-12 00:00:00,False,5,0:130;1:153,1
872,0;1,2016-06-08 00:00:00,2019-07-12 00:00:00,False,39,0:232;1:226,1
873,0;1,2016-06-08 00:00:00,2019-07-12 00:00:00,False,43,0:43;1:50,1
874,0;1,2016-06-08 00:00:00,2019-07-12 00:00:00,False,36,0:222;1:219,1
875,0;1,2016-06-08 00:00:00,2019-07-12 00:00:00,False,27,0:142;1:118,1
876,0;1,2016-06-08 00:00:00,2019-07-12 00:00:00,False,14,0:365;1:382,1
877,0;1,2016-06-08 00:00:00,2019-07-12 00:00:00,False,40,0:109;1:111,1
878,0;1,2016-06-08 00:00:00,2019-07-12 00:00:00,False,42,0:476;1:500,1
879,0;1,2016-06-08 00:00:00,2019-07-12 00:00:00,False,41,0:250;1:270,1
880,0;1,2016-06-08 00:00:00,2019-07-12 00:00:00,False,37,0:233;1:198,1
881,0;1,2016-06-08 00:00:00,2019-07-12 00:00:00,False,7,0:48;1:49,1
882,0;1,2016-06-08 00:00:00,2019-07-12 00:00:00,False,11,0:39;1:46,1
883,0;1,2016-06-08 00:00:00,2019-07-12 00:00:00,False,9,0:412;1:474,1
884,0;1,2018-08-03 00:00:00,2019-05-03 00:00:00,False,4,0:429;1:400,0
885,0;1,2018-08-03 00:00:00,2019-05-03 00:00:00,False,18,0:124;1:139,0
886,0;1,2018-08-03 00:00:00,2019-05-03 00:00:00,False,33,0:321;1:348,0
887,0;1,2018-08-03 00:00:00,2019-05-03 00:00:00,False,0,0:285;1:305,0
888,0;1,2018-08-03 00:00:00,2019-05-03 00:00:00,False,38,0:159;1:180,0
889,0;1,2018-08-03 00:00:00,2019-05-03 00:00:00,False,29,0:490;1:496,0
890,0;1,2018-08-03 00:00:00,2019-05-03 00:00:00,False,24,0:390;1:369,0
891,0;1,2018-08-03 00:00:00,2019-05-03 00:00:00,False,6,0:242;1:259,0
892,0;1,2018-08-03 00:00:00,2019-05-03 00:00:00,False,31,0:447;1:433,0
893,0;1,2018-08-03 00:00:00,2019-05-03 00:00:00,False,17,0:131;1:126,0
894,0;1,2018-08-03 00:00:00,2019-05-03 00:00:00,False,34,0:206;1:202,0
895,0;1,2018-08-03 00:00:00,2019-05-03 00:00:00,False,10,0:447;1:432,0
896,0;1,2018-08-03 00:00:00,2019-05-03 00:00:00,False,1,0:135;1:134,0
897,0;1,2018-08-03 00:00:00,2019-05-03 00:00:00,False,2,0:152;1:135,0
898,0;1,2018-08-03 00:00:00,2019-05-03 00:00:00,False,16,0:220;1:198,0
899,0;1,2018-08-03 00:00:00,2019-05-03 00:00:00,False,22,0:121;1:142,0
900,0;1,2018-08-03 00:00:00,2019-05-03 00:00:00,False,13,0:25;1:21,0
901,0;1,2018-08-03 00:00:00,2019-05-03 00:00:00,False,19,0:456;1:458,0
902,0;1,2018-08-03 00:00:00,2019-05-03 00:00:00,False,3,0:349;1:318,0
903,0;1,2018-08-03 00:00:00,2019-05-03 00:00:00,False,5,0:440;1:457,0
904,0;1,2018-08-03 00:00:00,2019-05-03 00:00:00,False,39,0:190;1:183,0
905,0;1,2018-08-03 00:00:00,2019-05-03 00:00:00,False,14,0:191;1:211,0
906,0;1,2018-08-03 00:00:00,2019-05-03 00:00:00,False,36,0:339;1:339,0
907,0;1,2018-08-03 00:00:00,2019-05-03 00:00:00,False,40,0:201;1:216,0
908,0;1,2018-08-03 00:00:00,2019-05-03 00:00:00,False,41,0:503;1:493,0
909,0;1,2018-08-03 00:00:00,2019-05-03 00:00:00,False,37,0:132;1:152,0
910,0;1,2018-08-03 00:00:00,2019-05-03 00:00:00,False,7,0:106;1:100,0
911,0;1,2018-08-03 00:00:00,2019-05-03 00:00:00,False,11,0:468;1:406,0
912,0;1,2018-08-03 00:00:00,2019-05-03 00:00:00,False,9,0:344;1:291,0
913,0;1,2018-08-03 00:00:00,2019-05-03 00:00:00,False,26,0:97;1:95,0
914,0;1,2018-08-03 00:00:00,2019-05-03 00:00:00,False,32,0:241;1:216,0
915,0;1,2019-10-03 00:00:00,2020-05-06 00:00:00,False,4,0:383;1:346,0
916,0;1,2019-10-03 00:00:00,2020-05-06 00:00:00,False,18,0:59;1:62,0
917,0;1,2019-10-03 00:00:00,2020-05-06 00:00:00,False,46,0:322;1:303,0
918,0;1,2019-10-03 00:00:00,2020-05-06 00:00:00,False,15,0:228;1:268,0
919,0;1,2019-10-03 00:00:00,2020-05-06 00:00:00,False,0,0:151;1:162,0
920,0;1,2019-10-03 00:00:00,2020-05-06 00:00:00,False,45,0:429;1:426,0
921,0;1,2019-10-03 00:00:00,2020-05-06 00:00:00,False,48,0:388;1:393,0
922,0;1,2019-10-03 00:00:00,2020-05-06 00:00:00,False,38,0:180;1:163,0
923,0;1,2019-10-03 00:00:00,2020-05-06 00:00:00,False,44,0:377;1:342,0
924,0;1,2019-10-03 00:00:00,2020-05-06 00:00:00,False,29,0:5;1:0,0
925,0;1,2019-10-03 00:00:00,2020-05-06 00:00:00,False,12,0:232;1:244,0
926,0;1,2019-10-03 00:00:00,2020-05-06 00:00:00,False,23,0:374;1:414,0
927,0;1,2019-10-03 00:00:00,2020-05-06 00:00:00,False,24,0:14;1:24,0
928,0;1,2019-10-03 00:00:00,2020-05-06 00:00:00,False,6,0:34;1:34,0
929,0;1,2019-10-03 00:00:00,2020-05-06 00:00:00,False,34,0:338;1:363,0
930,0;1,2019-10-03 00:00:00,2020-05-06 00:00:00,False,1,0:225;1:201,0
931,0;1,2019-10-03 00:00:00,2020-05-06 00:00:00,False,16,0:136;1:161,0
932,0;1,2019-10-03 00:00:00,2020-05-06 00:00:00,False,13,0:94;1:89,0
933,0;1,2019-10-03 00:00:00,2020-05-06 00:00:00,False,35,0:166;1:172,0
934,0;1,2019-10-03 00:00:00,2020-05-06 00:00:00,False,19,0:285;1:276,0
935,0;1,2019-10-03 00:00:00,2020-05-06 00:00:00,False,3,0:319;1:315,0
936,0;1,2019-10-03 00:00:00,2020-05-06 00:00:00,False,30,0:37;1:35,0
937,0;1,2019-10-03 00:00:00,2020-05-06 00:00:00,False,47,0:384;1:360,0
938,0;1,2019-10-03 00:00:00,2020-05-06 00:00:00,False,39,0:375;1:319,0
939,0;1,2019-10-03 00:00:00,2020-05-06 00:00:00,False,43,0:202;1:221,0
940,0;1,2019-10-03 00:00:00,2020-05-06 00:00:00,False,28,0:478;1:485,0
941,0;1,2019-10-03 00:00:00,2020-05-06 00:00:00,False,36,0:356;1:335,0
942,0;1,2019-10-03 00:00:00,2020-05-06 00:00:00,False,27,0:176;1:180,0
943,0;1,2019-10-03 00:00:00,2020-05-06 00:00:00,False,40,0:320;1:310,0
944,0;1,2019-10-03 00:00:00,2020-05-06 00:00:00,False,25,0:246;1:252,0
945,0;1,2019-10-03 00:00:00,2020-05-06 00:00:00,False,9,0:479;1:443,0
946,0;1,2019-10-03 00:00:00,2020-05-06 00:00:00,False,26,0:97;1:114,0
947,0;1,2019-10-03 00:00:00,2020-05-06 00:00:00,False,8,0:441;1:430,0
948,0;1,2019-10-03 00:00:00,2020-05-06 00:00:00,False,32,0:171;1:203,0
949,0;1,2016-10-18 00:00:00,2019-05-31 00:00:00,False,4,0:404;1:462,1
950,0;1,2016-10-18 00:00:00,2019-05-31 00:00:00,False,18,0:284;1:298,1
951,0;1,2016-10-18 00:00:00,2019-05-31 00:00:00,False,46,0:179;1:194,1
952,0;1,2016-10-18 00:00:00,2019-05-31 00:00:00,False,33,0:285;1:318,1
953,0;1,2016-10-18 00:00:00,2019-05-31 00:00:00,False,15,0:156;1:156,1
954,0;1,2016-10-18 00:00:00,2019-05-31 00:00:00,False,45,0:442;1:459,1
955,0;1,2016-10-18 00:00:00,2019-05-31 00:00:00,False,0,0:79;1:83,1
956,0;1,2016-10-18 00:00:00,2019-05-31 00:00:00,False,38,0:168;1:181,1
957,0;1,2016-10-18 00:00:00,2019-05-31 00:00:00,False,44,0:46;1:39,1
958,0;1,2016-10-18 00:00:00,2019-05-31 00:00:00,False,21,0:297;1:319,1
959,0;1,2016-10-18 00:00:00,2019-05-31 00:00:00,False,12,0:366;1:401,1
960,0;1,2016-10-18 00:00:00,2019-05-31 00:00:00,False,24,0:320;1:345,1
961,0;1,2016-10-18 00:00:00,2019-05-31 00:00:00,False,17,0:479;1:460,1
962,0;1,2016-10-18 00:00:00,2019-05-31 00:00:00,False,10,0:33;1:24,1
963,0;1,2016-10-18 00:00:00,2019-05-31 00:00:00,False,1,0:162;1:163,1
964,0;1,2016-10-18 00:00:00,2019-05-31 00:00:00,False,49,0:262;1:304,1
965,0;1,2016-10-18 00:00:00,2019-05-31 00:00:00,False,2,0:444;1:464,1
966,0;1,2016-10-18 00:00:00,2019-05-31 00:00:00,False,22,0:146;1:136,1
967,0;1,2016-10-18 00:00:00,2019-05-31 00:00:00,False,13,0:454;1:446,1
968,0;1,2016-10-18 00:00:00,2019-05-31 00:00:00,False,35,0:356;1:363,1
969,0;1,2016-10-18 00:00:00,2019-05-31 00:00:00,False,3,0:278;1:271,1
970,0;1,2016-10-18 00:00:00,2019-05-31 00:00:00,False,30,0:210;1:178,1
971,0;1,2016-10-18 00:00:00,2019-05-31 00:00:00,False,20,0:17;1:28,1
972,0;1,2016-10-18 00:00:00,2019-05-31 00:00:00,False,5,0:475;1:457,1
973,0;1,2016-10-18 00:00:00,2019-05-31 00:00:00,False,47,0:116;1:133,1
974,0;1,2016-10-18 00:00:00,2019-05-31 00:00:00,False,39,0:201;1:180,1
975,0;1,2016-10-18 00:00:00,2019-05-31 00:00:00,False,43,0:88;1:94,1
976,0;1,2016-10-18 00:00:00,2019-05-31 00:00:00,False,28,0:126;1:135,1
977,0;1,2016-10-18 00:00:00,2019-05-31 00:00:00,False,14,0:250;1:291,1
978,0;1,2016-10-18 00:00:00,2019-05-31 00:00:00,False,42,0:113;1:135,1
979,0;1,2016-10-18 00:00:00,2019-05-31 00:00:00,False,9,0:118;1:124,1
980,0;1,2016-10-18 00:00:00,2019-05-31 00:00:00,False,26,0:406;1:392,1
981,0;1,2018-10-01 00:00:00,2019-06-18 00:00:00,False,4,0:187;1:188,1
982,0;1,2018-10-01 00:00:00,2019-06-18 00:00:00,False,33,0:185;1:167,1
983,0;1,2018-10-01 00:00:00,2019-06-18 00:00:00,False,15,0:232;1:239,1
984,0;1,2018-10-01 00:00:00,2019-06-18 00:00:00,False,45,0:252;1:261,1
985,0;1,2018-10-01 00:00:00,2019-06-18 00:00:00,False,38,0:369;1:374,1
986,0;1,2018-10-01 00:00:00,2019-06-18 00:00:00,False,48,0:172;1:173,1
987,0;1,2018-10-01 00:00:00,2019-06-18 00:00:00,False,44,0:240;1:257,1
988,0;1,2018-10-01 00:00:00,2019-06-18 00:00:00,False,24,0:285;1:280,1
989,0;1,2018-10-01 00:00:00,2019-06-18 00:00:00,False,6,0:133;1:133,1
990,0;1,2018-10-01 00:00:00,2019-06-18 00:00:00,False,23,0:76;1:81,1
991,0;1,2018-10-01 00:00:00,2019-06-18 00:00:00,False,34,0:323;1:322,1
992,0;1,2018-10-01 00:00:00,2019-06-18 00:00:00,False,10,0:272;1:298,1
993,0;1,2018-10-01 00:00:00,2019-06-18 00:00:00,False,1,0:316;1:339,1
994,0;1,2018-10-01 00:00:00,2019-06-18 00:00:00,False,16,0:362;1:350,1
995,0;1,2018-10-01 00:00:00,2019-06-18 00:00:00,False,22,0:386;1:404,1
996,0;1,2018-10-01 00:00:00,2019-06-18 00:00:00,False,13,0:291;1:323,1
997,0;1,2018-10-01 00:00:00,2019-06-18 00:00:00,False,3,0:158;1:162,1
998,0;1,2018-10-01 00:00:00,2019-06-18 00:00:00,False,47,0:223;1:239,1
999,0;1,2018-10-01 00:00:00,2019-06-18 00:00:00,False,43,0:142;1:118,1
1000,0;1,2018-10-01 00:00:00,2019-06-18 00:00:00,False,28,0:269;1:283,1
1001,0;1,2018-10-01 00:00:00,2019-06-18 00:00:00,False,14,0:180;1:166,1
1002,0;1,2018-10-01 00:00:00,2019-06-18 00:00:00,False,27,0:200;1:239,1
1003,0;1,2018-10-01 00:00:00,2019-06-18 00:00:00,False,37,0:141;1:137,1
1004,0;1,2018-10-01 00:00:00,2019-06-18 00:00:00,False,7,0:25;1:18,1
1005,0;1,2018-10-01 00:00:00,2019-06-18 00:00:00,False,25,0:469;1:484,1
1006,0;1,2018-10-01 00:00:00,2019-06-18 00:00:00,False,11,0:22;1:15,1
1007,0;1,2018-10-01 00:00:00,2019-06-18 00:00:00,False,9,0:376;1:381,1
1008,0;1,2018-10-01 00:00:00,2019-06-18 00:00:00,False,8,0:278;1:267,1
1009,0;1,2018-10-01 00:00:00,2019-06-18 00:00:00,False,32,0:460;1:456,1
1010,0;1,2017-10-28 00:00:00,2019-02-05 00:00:00,False,4,0:161;1:153,1
1011,0;1,2017-10-28 00:00:00,2019-02-05 00:00:00,False,46,0:396;1:391,1
1012,0;1,2017-10-28 00:00:00,2019-02-05 00:00:00,False,33,0:321;1:344,1
1013,0;1,2017-10-28 00:00:00,2019-02-05 00:00:00,False,0,0:411;1:401,1
1014,0;1,2017-10-28 00:00:00,2019-02-05 00:00:00,False,48,0:65;1:38,1
1015,0;1,2017-10-28 00:00:00,2019-02-05 00:00:00,False,29,0:191;1:172,1
1016,0;1,2017-10-28 00:00:00,2019-02-05 00:00:00,False,21,0:293;1:327,1
1017,0;1,2017-10-28 00:00:00,2019-02-05 00:00:00,False,23,0:103;1:114,1
1018,0;1,2017-10-28 00:00:00,2019-02-05 00:00:00,False,31,0:225;1:238,1
1019,0;1,2017-10-28 00:00:00,2019-02-05 00:00:00,False,34,0:70;1:79,1
1020,0;1,2017-10-28 00:00:00,2019-02-05 00:00:00,False,10,0:478;1:503,1
1021,0;1,2017-10-28 00:00:00,2019-02-05 00:00:00,False,49,0:352;1:397,1
1022,0;1,2017-10-28 00:00:00,2019-02-05 00:00:00,False,2,0:93;1:85,1
1023,0;1,2017-10-28 00:00:00,2019-02-05 00:00:00,False,16,0:392;1:352,1
1024,0;1,2017-10-28 00:00:00,2019-02-05 00:00:00,False,22,0:421;1:389,1
1025,0;1,2017-10-28 00:00:00,2019-02-05 00:00:00,False,35,0:50;1:52,1
1026,0;1,2017-10-28 00:00:00,2019-02-05 00:00:00,False,19,0:225;1:219,1
1027,0;1,2017-10-28 00:00:00,2019-02-05 00:00:00,False,20,0:28;1:28,1
1028,0;1,2017-10-28 00:00:00,2019-02-05 00:00:00,False,3,0:18;1:16,1
1029,0;1,2017-10-28 00:00:00,2019-02-05 00:00:00,False,5,0:379;1:388,1
1030,0;1,2017-10-28 00:00:00,2019-02-05 00:00:00,False,47,0:207;1:200,1
1031,0;1,2017-10-28 00:00:00,2019-02-05 00:00:00,False,43,0:457;1:429,1
1032,0;1,2017-10-28 00:00:00,2019-02-05 00:00:00,False,28,0:197;1:203,1
1033,0;1,2017-10-28 00:00:00,2019-02-05 00:00:00,False,14,0:240;1:234,1
1034,0;1,2017-10-28 00:00:00,2019-02-05 00:00:00,False,27,0:396;1:353,1
1035,0;1,2017-10-28 00:00:00,2019-02-05 00:00:00,False,40,0:162;1:155,1
1036,0;1,2017-10-28 00:00:00,2019-02-05 00:00:00,False,42,0:133;1:133,1
1037,0;1,2017-10-28 00:00:00,2019-02-05 00:00:00,False,41,0:151;1:156,1
1038,0;1,2017-10-28 00:00:00,2019-02-05 00:00:00,False,37,0:51;1:46,1
1039,0;1,2017-10-28 00:00:00,2019-02-05 00:00:00,False,25,0:22;1:27,1
1040,0;1,2019-03-17 00:00:00,2019-03-22 00:00:00,False,4,0:68;1:75,1
1041,0;1,2019-03-17 00:00:00,2019-03-22 00:00:00,False,18,0:193;1:169,1
1042,0;1,2019-03-17 00:00:00,2019-03-22 00:00:00,False,46,0:191;1:154,1
1043,0;1,2019-03-17 00:00:00,2019-03-22 00:00:00,False,15,0:312;1:316,1
1044,0;1,2019-03-17 00:00:00,2019-03-22 00:00:00,False,0,0:163;1:178,1
1045,0;1,2019-03-17 00:00:00,2019-03-22 00:00:00,False,38,0:393;1:419,1
1046,0;1,2019-03-17 00:00:00,2019-03-22 00:00:00,False,48,0:286;1:293,1
1047,0;1,2019-03-17 00:00:00,2019-03-22 00:00:00,False,44,0:67;1:72,1
1048,0;1,2019-03-17 00:00:00,2019-03-22 00:00:00,False,29,0:480;1:434,1
1049,0;1,2019-03-17 00:00:00,2019-03-22 00:00:00,False,23,0:464;1:450,1
1050,0;1,2019-03-17 00:00:00,2019-03-22 00:00:00,False,6,0:378;1:376,1
1051,0;1,2019-03-17 00:00:00,2019-03-22 00:00:00,False,24,0:447;1:452,1
1052,0;1,2019-03-17 00:00:00,2019-03-22 00:00:00,False,34,0:401;1:353,1
1053,0;1,2019-03-17 00:00:00,2019-03-22 00:00:00,False,49,0:325;1:330,1
1054,0;1,2019-03-17 00:00:00,2019-03-22 00:00:00,False,1,0:118;1:81,1
1055,0;1,2019-03-17 00:00:00,2019-03-22 00:00:00,False,2,0:357;1:356,1
1056,0;1,2019-03-17 00:00:00,2019-03-22 00:00:00,False,16,0:290;1:311,1
1057,0;1,2019-03-17 00:00:00,2019-03-22 00:00:00,False,22,0:256;1:272,1
1058,0;1,2019-03-17 00:00:00,2019-03-22 00:00:00,False,19,0:145;1:140,1
1059,0;1,2019-03-17 00:00:00,2019-03-22 00:00:00,False,3,0:236;1:246,1
1060,0;1,2019-03-17 00:00:00,2019-03-22 00:00:00,False,30,0:71;1:67,1
1061,0;1,2019-03-17 00:00:00,2019-03-22 00:00:00,False,20,0:499;1:492,1
1062,0;1,2019-03-17 00:00:00,2019-03-22 00:00:00,False,47,0:124;1:133,1
1063,0;1,2019-03-17 00:00:00,2019-03-22 00:00:00,False,39,0:88;1:96,1
1064,0;1,2019-03-17 00:00:00,2019-03-22 00:00:00,False,28,0:207;1:229,1
1065,0;1,2019-03-17 00:00:00,2019-03-22 00:00:00,False,36,0:418;1:456,1
1066,0;1,2019-03-17 00:00:00,2019-03-22 00:00:00,False,14,0:79;1:109,1
1067,0;1,2019-03-17 00:00:00,2019-03-22 00:00:00,False,37,0:480;1:469,1
1068,0;1,2019-03-17 00:00:00,2019-03-22 00:00:00,False,7,0:223;1:209,1
1069,0;1,2019-03-17 00:00:00,2019-03-22 00:00:00,False,25,0:317;1:304,1
1070,0;1,2019-03-17 00:00:00,2019-03-22 00:00:00,False,11,0:315;1:314,1
1071,0;1,2019-03-17 00:00:00,2019-03-22 00:00:00,False,26,0:40;1:31,1
1072,0;1,2019-03-17 00:00:00,2019-03-22 00:00:00,False,8,0:12;1:9,1
1073,0;1,2019-03-17 00:00:00,2019-03-22 00:00:00,False,32,0:48;1:50,1
1074,0;1,2017-01-24 00:00:00,2020-07-07 00:00:00,False,4,0:97;1:117,1
1075,0;1,2017-01-24 00:00:00,2020-07-07 00:00:00,False,18,0:468;1:436,1
1076,0;1,2017-01-24 00:00:00,2020-07-07 00:00:00,False,46,0:450;1:481,1
1077,0;1,2017-01-24 00:00:00,2020-07-07 00:00:00,False,33,0:89;1:85,1
1078,0;1,2017-01-24 00:00:00,2020-07-07 00:00:00,False,15,0:77;1:88,1
1079,0;1,2017-01-24 00:00:00,2020-07-07 00:00:00,False,38,0:261;1:268,1
1080,0;1,2017-01-24 00:00:00,2020-07-07 00:00:00,False,44,0:67;1:71,1
1081,0;1,2017-01-24 00:00:00,2020-07-07 00:00:00,False,12,0:389;1:429,1
1082,0;1,2017-01-24 00:00:00,2020-07-07 00:00:00,False,24,0:328;1:348,1
1083,0;1,2017-01-24 00:00:00,2020-07-07 00:00:00,False,31,0:176;1:192,1
1084,0;1,2017-01-24 00:00:00,2020-07-07 00:00:00,False,17,0:301;1:308,1
1085,0;1,2017-01-24 00:00:00,2020-07-07 00:00:00,False,34,0:93;1:85,1
1086,0;1,2017-01-24 00:00:00,2020-07-07 00:00:00,False,10,0:229;1:248,1
1087,0;1,2017-01-24 00:00:00,2020-07-07 00:00:00,False,49,0:328;1:344,1
1088,0;1,2017-01-24 00:00:00,2020-07-07 00:00:00,False,22,0:144;1:125,1
1089,0;1,2017-01-24 00:00:00,2020-07-07 00:00:00,False,35,0:466;1:478,1
1090,0;1,2017-01-24 00:00:00,2020-07-07 00:00:00,False,19,0:348;1:369,1
1091,0;1,2017-01-24 00:00:00,2020-07-07 00:00:00,False,3,0:291;1:294,1
1092,0;1,2017-01-24 00:00:00,2020-07-07 00:00:00,False,5,0:497;1:458,1
1093,0;1,2017-01-24 00:00:00,2020-07-07 00:00:00,False,47,0:303;1:315,1
1094,0;1,2017-01-24 00:00:00,2020-07-07 00:00:00,False,43,0:63;1:60,1
1095,0;1,2017-01-24 00:00:00,2020-07-07 00:00:00,False,14,0:219;1:224,1
1096,0;1,2017-01-24 00:00:00,2020-07-07 00:00:00,False,36,0:140;1:151,1
1097,0;1,2017-01-24 00:00:00,2020-07-07 00:00:00,False,40,0:363;1:329,1
1098,0;1,2017-01-24 00:00:00,2020-07-07 00:00:00,False,42,0:317;1:291,1
1099,0;1,2017-01-24 00:00:00,2020-07-07 00:00:00,False,41,0:436;1:406,1
1100,0;1,2017-01-24 00:00:00,2020-07-07 00:00:00,False,37,0:444;1:397,1
1101,0;1,2017-01-24 00:00:00,2020-07-07 00:00:00,False,11,0:163;1:166,1
1102,0;1,2017-01-24 00:00:00,2020-07-07 00:00:00,False,8,0:218;1:207,1
1103,0;1,2017-01-24 00:00:00,2020-07-07 00:00:00,False,32,0:305;1:323,1
1104,0;1,2020-05-13 00:00:00,2020-08-13 00:00:00,False,33,0:460;1:521,1
1105,0;1,2020-05-13 00:00:00,2020-08-13 00:00:00,False,0,0:297;1:310,1
1106,0;1,2020-05-13 00:00:00,2020-08-13 00:00:00,False,38,0:172;1:188,1
1107,0;1,2020-05-13 00:00:00,2020-08-13 00:00:00,False,21,0:481;1:505,1
1108,0;1,2020-05-13 00:00:00,2020-08-13 00:00:00,False,12,0:20;1:27,1
1109,0;1,2020-05-13 00:00:00,2020-08-13 00:00:00,False,24,0:152;1:156,1
1110,0;1,2020-05-13 00:00:00,2020-08-13 00:00:00,False,23,0:52;1:35,1
1111,0;1,2020-05-13 00:00:00,2020-08-13 00:00:00,False,34,0:237;1:206,1
1112,0;1,2020-05-13 00:00:00,2020-08-13 00:00:00,False,17,0:129;1:133,1
1113,0;1,2020-05-13 00:00:00,2020-08-13 00:00:00,False,49,0:229;1:214,1
1114,0;1,2020-05-13 00:00:00,2020-08-13 00:00:00,False,1,0:26;1:32,1
1115,0;1,2020-05-13 00:00:00,2020-08-13 00:00:00,False,2,0:100;1:85,1
1116,0;1,2020-05-13 00:00:00,2020-08-13 00:00:00,False,16,0:33;1:42,1
1117,0;1,2020-05-13 00:00:00,2020-08-13 00:00:00,False,13,0:224;1:210,1
1118,0;1,2020-05-13 00:00:00,2020-08-13 00:00:00,False,35,0:278;1:290,1
1119,0;1,2020-05-13 00:00:00,2020-08-13 00:00:00,False,30,0:346;1:308,1
1120,0;1,2020-05-13 00:00:00,2020-08-13 00:00:00,False,5,0:31;1:37,1
1121,0;1,2020-05-13 00:00:00,2020-08-13 00:00:00,False,47,0:89;1:102,1
1122,0;1,2020-05-13 00:00:00,2020-08-13 00:00:00,False,39,0:199;1:200,1
1123,0;1,2020-05-13 00:00:00,2020-08-13 00:00:00,False,43,0:135;1:144,1
1124,0;1,2020-05-13 00:00:00,2020-08-13 00:00:00,False,28,0:26;1:22,1
1125,0;1,2020-05-13 00:00:00,2020-08-13 00:00:00,False,14,0:494;1:469,1
1126,0;1,2020-05-13 00:00:00,2020-08-13 00:00:00,False,40,0:317;1:281,1
1127,0;1,2020-05-13 00:00:00,2020-08-13 00:00:00,False,42,0:239;1:263,1
1128,0;1,2020-05-13 00:00:00,2020-08-13 00:00:00,False,41,0:367;1:341,1
1129,0;1,2020-05-13 00:00:00,2020-08-13 00:00:00,False,37,0:357;1:377,1
1130,0;1,2020-05-13 00:00:00,2020-08-13 00:00:00,False,7,0:429;1:448,1
1131,0;1,2020-05-13 00:00:00,2020-08-13 00:00:00,False,25,0:207;1:185,1
1132,0;1,2020-05-13 00:00:00,2020-08-13 00:00:00,False,11,0:453;1:411,1
1133,0;1,2020-05-13 00:00:00,2020-08-13 00:00:00,False,8,0:275;1:249,1
1134,0;1,2020-05-13 00:00:00,2020-08-13 00:00:00,False,32,0:460;1:428,1
